customer_id,tenure_months,contract_type,internet_service,paperless_billing,tech_support,payment_method,monthly_charges,total_charges,churn
T50000,11,Two year,Fiber optic,Yes,Yes,Electronic check,103.87,1057.83,No
T50001,64,One year,Fiber optic,No,Yes,Credit card,62.47,3585.66,No
T50002,53,One year,Fiber optic,Yes,Yes,Bank transfer,43.95,2077.16,No
T50003,1,Month-to-month,Fiber optic,Yes,No,Electronic check,65.36,60.26,Yes
T50004,23,Month-to-month,DSL,No,Yes,Credit card,119.39,2532.03,No
T50005,32,Month-to-month,Fiber optic,No,Yes,Bank transfer,79.92,2259.51,No
T50006,46,Two year,DSL,Yes,Yes,Bank transfer,77.73,3399.34,No
T50007,16,Month-to-month,None,Yes,No,Electronic check,45.65,679.17,No
T50008,71,Month-to-month,Fiber optic,Yes,Yes,Credit card,103.83,6988.06,Yes
T50009,71,Two year,DSL,Yes,No,Credit card,31.71,2262.17,No
T50010,2,One year,DSL,No,No,Credit card,70.24,144.35,No
T50011,19,Month-to-month,None,Yes,No,Bank transfer,85.07,1624.35,No
T50012,37,One year,Fiber optic,No,No,Bank transfer,101.05,3564.7,Yes
T50013,47,Two year,None,Yes,No,Credit card,47.67,2316.16,No
T50014,27,Month-to-month,None,Yes,No,Mailed check,101.02,2377.61,Yes
T50015,7,One year,Fiber optic,No,No,Credit card,88.2,637.75,Yes
T50016,15,One year,DSL,Yes,Yes,Electronic check,116.57,1649.32,No
T50017,57,One year,DSL,No,Yes,Bank transfer,115.04,6607.31,No
T50018,34,Month-to-month,Fiber optic,Yes,No,Electronic check,97.88,3463.04,No
T50019,55,Month-to-month,DSL,No,Yes,Mailed check,110.07,5597.31,Yes
T50020,59,Month-to-month,Fiber optic,Yes,No,Mailed check,98.77,5990.48,Yes
T50021,27,Month-to-month,DSL,Yes,Yes,Credit card,100.4,2786.83,Yes
T50022,57,One year,Fiber optic,Yes,No,Credit card,111.41,6591.46,Yes
T50023,15,Two year,Fiber optic,Yes,No,Electronic check,20.42,316.72,No
T50024,64,Two year,DSL,No,No,Mailed check,62.83,4174.87,No
T50025,0,Month-to-month,Fiber optic,Yes,No,Credit card,36.7,31.86,No
T50026,61,Month-to-month,Fiber optic,No,No,Bank transfer,38.6,2294.04,No
T50027,38,One year,DSL,Yes,No,Mailed check,29.95,1171.91,No
T50028,44,Month-to-month,Fiber optic,No,No,Electronic check,40.73,1582.46,Yes
T50029,31,Month-to-month,DSL,No,Yes,Credit card,76.62,2299.41,Yes
T50030,44,Month-to-month,Fiber optic,No,Yes,Mailed check,99.15,4183.36,No
T50031,40,Month-to-month,DSL,No,Yes,Bank transfer,33.96,1160.26,No
T50032,66,Two year,DSL,Yes,Yes,Electronic check,29.26,1992.25,No
T50033,25,Month-to-month,DSL,Yes,Yes,Credit card,42.05,978.74,No
T50034,22,Month-to-month,Fiber optic,No,Yes,Credit card,56.39,1078.28,No
T50035,3,Month-to-month,Fiber optic,No,No,Mailed check,70.41,205.25,No
T50036,54,Month-to-month,DSL,Yes,No,Bank transfer,80.55,4207.49,No
T50037,49,Two year,None,No,No,Credit card,40.21,1877.24,No
T50038,60,Month-to-month,None,Yes,No,Electronic check,47.43,2500.39,Yes
T50039,5,Month-to-month,Fiber optic,No,No,Electronic check,117.16,512.19,No
T50040,8,Two year,None,Yes,No,Electronic check,102.79,799.72,No
T50041,70,Two year,None,No,No,Credit card,65.35,4066.24,No
T50042,29,One year,Fiber optic,Yes,No,Electronic check,95.33,2851.27,Yes
T50043,26,Month-to-month,Fiber optic,No,Yes,Electronic check,115.87,2656.44,Yes
T50044,59,Month-to-month,DSL,Yes,No,Mailed check,59.39,3456.33,Yes
T50045,56,Two year,Fiber optic,Yes,No,Credit card,80.09,4116.62,No
T50046,32,Month-to-month,None,No,No,Mailed check,55.99,1847.94,No
T50047,1,Two year,None,Yes,No,Bank transfer,52.69,54.73,Yes
T50048,55,One year,Fiber optic,No,Yes,Electronic check,104.64,5294.9,No
T50049,50,Two year,Fiber optic,No,No,Credit card,65.18,2874.29,No
T50050,7,One year,DSL,No,Yes,Mailed check,71.38,515.85,Yes
T50051,63,Month-to-month,None,Yes,No,Mailed check,113.5,7023.93,Yes
T50052,26,Month-to-month,Fiber optic,Yes,Yes,Mailed check,113.97,2961.67,No
T50053,8,Month-to-month,None,No,No,Electronic check,93.8,651.55,Yes
T50054,14,Month-to-month,None,No,No,Mailed check,60.78,869.4,Yes
T50055,69,Two year,None,Yes,No,Electronic check,92.13,5585.72,No
T50056,5,One year,Fiber optic,Yes,No,Credit card,90.57,422.87,No
T50057,57,Month-to-month,DSL,Yes,Yes,Bank transfer,21.41,1136.38,No
T50058,32,Month-to-month,Fiber optic,No,Yes,Electronic check,23.77,750.32,No
T50059,10,One year,Fiber optic,No,Yes,Bank transfer,92.98,915.53,No
T50060,69,Month-to-month,None,No,No,Bank transfer,107.61,7116.84,No
T50061,36,Month-to-month,DSL,Yes,No,Electronic check,88.81,3322.06,No
T50062,7,Month-to-month,None,No,No,Credit card,40.47,279.71,Yes
T50063,13,Month-to-month,Fiber optic,Yes,No,Bank transfer,50.5,606.25,No
T50064,17,Two year,None,No,No,Electronic check,27.47,442.58,No
T50065,67,Month-to-month,Fiber optic,Yes,No,Credit card,78.25,5421.28,Yes
T50066,16,Month-to-month,DSL,Yes,Yes,Electronic check,45.58,691.45,Yes
T50067,4,Month-to-month,DSL,Yes,No,Mailed check,100.23,354.48,No
T50068,7,Month-to-month,Fiber optic,No,No,Mailed check,48.64,339.35,No
T50069,47,Month-to-month,Fiber optic,Yes,No,Electronic check,77.02,3436.2,Yes
T50070,34,Month-to-month,Fiber optic,Yes,Yes,Mailed check,27.65,870.38,No
T50071,47,Month-to-month,DSL,Yes,Yes,Credit card,75.53,3469.1,Yes
T50072,28,Two year,Fiber optic,Yes,No,Electronic check,113.46,2807.93,No
T50073,50,Month-to-month,None,Yes,No,Bank transfer,55.62,2566.48,No
T50074,70,One year,Fiber optic,Yes,No,Electronic check,83.25,5072.3,No
T50075,45,Two year,Fiber optic,Yes,No,Mailed check,24.25,1143.43,No
T50076,71,Month-to-month,Fiber optic,No,No,Electronic check,91.64,6668.53,No
T50077,1,Month-to-month,None,Yes,No,Mailed check,86.96,84.97,Yes
T50078,10,Month-to-month,Fiber optic,Yes,Yes,Mailed check,21.36,203.37,No
T50079,16,Month-to-month,DSL,Yes,No,Credit card,83.92,1248.37,No
T50080,29,Month-to-month,DSL,Yes,Yes,Mailed check,74.66,2207.06,Yes
T50081,55,Month-to-month,Fiber optic,No,No,Bank transfer,21.11,1077.52,No
T50082,66,Month-to-month,None,No,No,Electronic check,105.77,6460.66,Yes
T50083,2,Two year,Fiber optic,Yes,No,Bank transfer,85.48,157.48,No
T50084,50,Month-to-month,DSL,No,Yes,Mailed check,105.94,5063.32,No
T50085,34,Month-to-month,Fiber optic,No,No,Electronic check,34.63,1198.98,No
T50086,17,Month-to-month,Fiber optic,Yes,Yes,Credit card,74.46,1138.96,No
T50087,50,Two year,Fiber optic,No,Yes,Credit card,55.87,2392.49,Yes
T50088,72,Month-to-month,Fiber optic,No,Yes,Credit card,95.55,5919.52,No
T50089,6,Month-to-month,Fiber optic,No,Yes,Electronic check,77.69,465.23,No
T50090,2,Month-to-month,None,No,No,Electronic check,77.96,142.32,No
T50091,36,Month-to-month,None,No,No,Mailed check,96.55,3637.12,Yes
T50092,20,One year,DSL,No,Yes,Bank transfer,40.06,754.09,No
T50093,6,Two year,DSL,Yes,No,Electronic check,80.87,462.47,No
T50094,4,One year,Fiber optic,Yes,Yes,Credit card,60.14,218.05,Yes
T50095,37,Month-to-month,DSL,No,No,Credit card,76.1,2603.55,Yes
T50096,54,Month-to-month,Fiber optic,Yes,No,Bank transfer,93.14,4367.02,No
T50097,26,One year,None,Yes,No,Credit card,100.44,2738.89,No
T50098,33,Month-to-month,DSL,No,Yes,Electronic check,118.73,3676.81,Yes
T50099,43,Month-to-month,Fiber optic,Yes,No,Electronic check,97.31,3862.25,Yes
T50100,54,Two year,None,Yes,No,Credit card,41.14,2143.13,No
T50101,13,Month-to-month,None,Yes,No,Electronic check,93.11,1045.65,Yes
T50102,41,Month-to-month,Fiber optic,Yes,No,Bank transfer,91.35,3220.92,Yes
T50103,65,Month-to-month,DSL,No,No,Mailed check,42.38,2703.11,Yes
T50104,70,One year,Fiber optic,No,Yes,Electronic check,104.24,7522.36,Yes
T50105,16,One year,None,No,No,Bank transfer,34.75,558.04,No
T50106,27,Month-to-month,Fiber optic,Yes,Yes,Credit card,28.88,781.7,Yes
T50107,54,One year,DSL,No,Yes,Bank transfer,117.52,5922.78,Yes
T50108,21,Two year,DSL,Yes,No,Electronic check,80.53,1523.36,No
T50109,52,Month-to-month,Fiber optic,Yes,Yes,Credit card,108.93,5695.93,No
T50110,47,Month-to-month,Fiber optic,No,Yes,Mailed check,42.47,1842.17,No
T50111,17,One year,None,No,No,Credit card,105.3,1662.62,No
T50112,26,One year,None,Yes,No,Mailed check,103.73,2696.75,Yes
T50113,38,One year,Fiber optic,No,No,Credit card,55.84,1827.98,No
T50114,43,Month-to-month,None,No,No,Mailed check,66.19,2986.58,Yes
T50115,9,One year,Fiber optic,Yes,Yes,Mailed check,34.44,266.94,No
T50116,15,Month-to-month,Fiber optic,No,Yes,Mailed check,69.7,889.05,No
T50117,67,Two year,Fiber optic,Yes,No,Mailed check,46.03,2858.57,No
T50118,6,One year,Fiber optic,No,No,Electronic check,111.25,581.62,No
T50119,43,Month-to-month,Fiber optic,Yes,No,Electronic check,63.93,2835.39,No
T50120,18,One year,None,Yes,No,Electronic check,32.5,518.85,Yes
T50121,5,Month-to-month,Fiber optic,No,No,Mailed check,33.21,166.14,Yes
T50122,45,Two year,Fiber optic,No,No,Mailed check,63.65,2798.96,No
T50123,26,Month-to-month,None,No,No,Electronic check,30.08,754.22,Yes
T50124,58,Month-to-month,Fiber optic,No,Yes,Credit card,38.13,1947.77,Yes
T50125,59,Two year,DSL,No,Yes,Electronic check,27.6,1654.33,No
T50126,67,One year,DSL,No,No,Electronic check,85.65,5656.84,No
T50127,18,Month-to-month,Fiber optic,No,No,Electronic check,100.74,1854.76,No
T50128,35,Month-to-month,Fiber optic,Yes,Yes,Mailed check,64.79,2380.0,Yes
T50129,25,Month-to-month,None,Yes,No,Electronic check,73.53,1671.71,No
T50130,22,One year,Fiber optic,No,Yes,Bank transfer,116.97,2440.37,No
T50131,7,One year,DSL,No,Yes,Electronic check,24.55,164.67,No
T50132,40,One year,DSL,No,Yes,Bank transfer,47.52,1776.12,No
T50133,65,One year,None,Yes,No,Mailed check,49.37,3128.49,No
T50134,26,One year,Fiber optic,Yes,No,Electronic check,88.95,2155.8,Yes
T50135,22,One year,DSL,No,Yes,Electronic check,86.01,1691.71,Yes
T50136,6,Month-to-month,Fiber optic,Yes,No,Bank transfer,104.57,579.17,No
T50137,1,Month-to-month,Fiber optic,Yes,Yes,Electronic check,49.35,44.65,Yes
T50138,4,Month-to-month,DSL,No,No,Electronic check,44.37,170.74,No
T50139,62,Month-to-month,Fiber optic,Yes,No,Bank transfer,33.2,2144.35,Yes
T50140,58,Two year,DSL,Yes,No,Electronic check,91.57,4625.63,Yes
T50141,3,Two year,None,Yes,No,Mailed check,41.18,115.34,No
T50142,21,One year,Fiber optic,Yes,No,Credit card,118.8,2419.85,Yes
T50143,20,Month-to-month,DSL,Yes,No,Credit card,114.15,2371.78,No
T50144,70,Two year,DSL,Yes,Yes,Bank transfer,111.66,7956.63,No
T50145,71,One year,DSL,No,No,Mailed check,24.38,1563.51,No
T50146,40,One year,Fiber optic,No,No,Electronic check,97.05,3575.56,No
T50147,30,Month-to-month,DSL,Yes,No,Mailed check,105.13,3070.54,Yes
T50148,52,Month-to-month,Fiber optic,No,No,Bank transfer,95.31,4484.16,No
T50149,9,One year,DSL,Yes,No,Mailed check,107.6,951.89,No
T50150,33,Month-to-month,None,No,No,Electronic check,71.46,2432.19,Yes
T50151,57,Two year,Fiber optic,No,No,Mailed check,65.41,3510.05,No
T50152,21,One year,None,Yes,No,Credit card,90.77,1670.3,No
T50153,43,Month-to-month,None,No,No,Electronic check,33.8,1316.15,No
T50154,18,One year,Fiber optic,Yes,No,Electronic check,32.33,565.39,No
T50155,5,Two year,None,Yes,No,Bank transfer,106.22,462.2,No
T50156,51,Month-to-month,None,Yes,No,Mailed check,87.67,4297.53,Yes
T50157,38,Two year,None,No,No,Electronic check,94.34,3508.08,No
T50158,16,Month-to-month,DSL,Yes,No,Electronic check,71.8,1097.15,No
T50159,63,Month-to-month,DSL,Yes,No,Mailed check,61.01,3597.69,Yes
T50160,43,Month-to-month,Fiber optic,Yes,No,Electronic check,101.41,4031.52,No
T50161,58,Month-to-month,Fiber optic,Yes,Yes,Electronic check,119.53,7178.36,No
T50162,33,Month-to-month,DSL,No,Yes,Electronic check,104.08,3096.21,No
T50163,42,Two year,Fiber optic,Yes,No,Credit card,94.94,4076.82,No
T50164,57,One year,None,Yes,No,Credit card,111.03,5431.61,No
T50165,28,Two year,DSL,Yes,No,Mailed check,119.22,3197.65,No
T50166,36,Two year,DSL,Yes,Yes,Credit card,108.03,3777.61,No
T50167,36,One year,Fiber optic,Yes,Yes,Credit card,84.08,2660.68,No
T50168,34,Month-to-month,Fiber optic,Yes,No,Electronic check,115.58,3911.74,Yes
T50169,53,Two year,DSL,Yes,No,Electronic check,74.12,3790.12,Yes
T50170,13,Month-to-month,DSL,No,Yes,Bank transfer,87.38,1140.99,No
T50171,56,Month-to-month,Fiber optic,No,Yes,Bank transfer,31.24,1670.59,No
T50172,13,Month-to-month,None,No,No,Electronic check,25.09,327.8,No
T50173,4,Month-to-month,Fiber optic,Yes,Yes,Mailed check,70.53,250.22,Yes
T50174,6,Month-to-month,DSL,No,Yes,Electronic check,109.0,683.57,No
T50175,43,One year,Fiber optic,No,Yes,Mailed check,47.61,2008.13,No
T50176,10,Month-to-month,Fiber optic,No,No,Bank transfer,35.64,366.3,Yes
T50177,65,Month-to-month,Fiber optic,Yes,Yes,Electronic check,81.82,5273.88,No
T50178,3,Month-to-month,None,Yes,No,Mailed check,77.73,231.04,No
T50179,44,Two year,Fiber optic,No,No,Mailed check,39.54,1642.2,No
T50180,2,Two year,None,Yes,No,Credit card,105.44,219.25,No
T50181,66,Two year,Fiber optic,Yes,No,Electronic check,40.41,2422.53,No
T50182,15,Month-to-month,Fiber optic,Yes,Yes,Mailed check,39.35,606.98,No
T50183,8,Month-to-month,Fiber optic,Yes,No,Electronic check,58.67,432.46,Yes
T50184,25,One year,None,Yes,No,Electronic check,89.6,2118.5,No
T50185,59,Month-to-month,Fiber optic,Yes,No,Bank transfer,67.63,3562.59,Yes
T50186,32,Month-to-month,DSL,Yes,No,Electronic check,23.02,690.51,No
T50187,35,Two year,None,No,No,Bank transfer,100.66,3268.71,No
T50188,24,Month-to-month,DSL,No,No,Electronic check,39.73,898.47,No
T50189,43,Month-to-month,DSL,Yes,No,Mailed check,93.79,3906.62,Yes
T50190,65,Month-to-month,DSL,No,No,Credit card,34.55,2330.47,Yes
T50191,25,Month-to-month,DSL,Yes,Yes,Bank transfer,98.08,2449.53,No
T50192,25,One year,None,Yes,No,Credit card,60.98,1441.51,No
T50193,48,Month-to-month,Fiber optic,No,No,Electronic check,46.3,2159.0,Yes
T50194,0,Month-to-month,Fiber optic,No,Yes,Electronic check,20.35,19.44,Yes
T50195,43,Two year,DSL,Yes,Yes,Credit card,71.68,3114.35,No
T50196,40,Two year,None,Yes,No,Bank transfer,116.27,4542.32,No
T50197,46,One year,Fiber optic,Yes,Yes,Electronic check,83.35,4011.33,No
T50198,66,Month-to-month,None,Yes,No,Bank transfer,113.03,7772.31,No
T50199,26,Month-to-month,Fiber optic,Yes,Yes,Credit card,26.04,665.49,No
T50200,46,Month-to-month,DSL,Yes,Yes,Bank transfer,77.06,3319.98,No
T50201,33,One year,Fiber optic,No,Yes,Electronic check,49.81,1640.79,No
T50202,54,Two year,DSL,Yes,Yes,Credit card,67.96,3574.44,No
T50203,20,One year,None,No,No,Electronic check,92.41,1829.96,No
T50204,5,Month-to-month,None,No,No,Electronic check,91.62,413.55,Yes
T50205,25,Month-to-month,DSL,No,No,Electronic check,22.29,482.0,Yes
T50206,46,Two year,Fiber optic,No,No,Credit card,67.99,3245.93,No
T50207,13,Month-to-month,None,Yes,No,Bank transfer,81.72,1006.45,No
T50208,69,Month-to-month,None,Yes,No,Electronic check,90.43,6211.17,Yes
T50209,20,One year,None,Yes,No,Electronic check,93.66,1674.34,No
T50210,24,One year,None,Yes,No,Electronic check,78.51,1673.19,No
T50211,5,Month-to-month,DSL,Yes,Yes,Bank transfer,50.59,250.14,No
T50212,29,One year,None,No,No,Electronic check,52.06,1521.11,No
T50213,17,Two year,None,No,No,Electronic check,70.09,1117.78,No
T50214,5,Month-to-month,DSL,No,No,Bank transfer,46.16,239.34,No
T50215,3,Month-to-month,DSL,Yes,No,Credit card,26.82,73.77,Yes
T50216,49,Month-to-month,Fiber optic,Yes,No,Electronic check,59.93,2813.92,No
T50217,24,Two year,Fiber optic,Yes,No,Credit card,48.53,1036.22,Yes
T50218,60,One year,Fiber optic,Yes,Yes,Bank transfer,63.6,3421.6,No
T50219,5,Month-to-month,DSL,Yes,Yes,Electronic check,36.78,182.97,No
T50220,3,Month-to-month,Fiber optic,Yes,No,Electronic check,32.98,92.79,Yes
T50221,36,Month-to-month,Fiber optic,Yes,Yes,Credit card,47.38,1507.29,No
T50222,14,Month-to-month,None,Yes,No,Electronic check,100.82,1437.66,No
T50223,7,Month-to-month,None,Yes,No,Credit card,87.64,625.14,Yes
T50224,17,Two year,None,No,No,Credit card,98.89,1622.88,No
T50225,14,One year,Fiber optic,Yes,No,Electronic check,91.8,1237.82,No
T50226,59,Month-to-month,Fiber optic,Yes,No,Bank transfer,82.35,4668.94,Yes
T50227,64,Two year,Fiber optic,Yes,No,Bank transfer,70.42,4363.88,No
T50228,46,Two year,DSL,Yes,No,Credit card,46.55,1880.0,No
T50229,45,Month-to-month,None,Yes,No,Electronic check,25.88,1036.75,Yes
T50230,34,Month-to-month,DSL,Yes,No,Bank transfer,118.92,4238.9,No
T50231,4,One year,Fiber optic,No,No,Electronic check,61.48,251.51,No
T50232,26,One year,Fiber optic,Yes,Yes,Bank transfer,31.31,789.21,Yes
T50233,33,One year,DSL,No,No,Bank transfer,53.53,1686.2,No
T50234,65,Month-to-month,Fiber optic,Yes,No,Credit card,52.67,3144.46,Yes
T50235,9,Month-to-month,Fiber optic,No,Yes,Bank transfer,65.3,540.5,No
T50236,63,Month-to-month,DSL,No,No,Bank transfer,56.03,3479.49,Yes
T50237,12,Month-to-month,Fiber optic,No,Yes,Electronic check,96.11,1054.8,Yes
T50238,33,One year,Fiber optic,Yes,No,Electronic check,102.6,3395.52,Yes
T50239,25,One year,None,No,No,Mailed check,82.01,2014.11,No
T50240,55,Month-to-month,None,Yes,No,Credit card,51.04,2407.2,Yes
T50241,22,One year,Fiber optic,No,Yes,Electronic check,32.9,679.28,No
T50242,67,Month-to-month,DSL,Yes,Yes,Bank transfer,72.43,4282.59,Yes
T50243,70,One year,Fiber optic,Yes,No,Bank transfer,53.38,3811.56,No
T50244,47,Month-to-month,Fiber optic,Yes,No,Electronic check,62.19,2522.41,No
T50245,41,Month-to-month,None,Yes,No,Electronic check,77.81,2990.85,Yes
T50246,19,Month-to-month,DSL,Yes,No,Electronic check,68.96,1183.28,No
T50247,5,Month-to-month,Fiber optic,Yes,Yes,Mailed check,76.46,351.67,Yes
T50248,56,One year,None,No,No,Bank transfer,82.95,4443.42,No
T50249,51,Month-to-month,None,Yes,No,Electronic check,47.4,2447.24,Yes
T50250,53,One year,DSL,No,No,Credit card,51.1,2491.53,No
T50251,51,Two year,DSL,No,Yes,Credit card,89.16,4688.35,No
T50252,33,One year,DSL,Yes,No,Electronic check,98.24,2955.51,No
T50253,6,Month-to-month,Fiber optic,No,Yes,Electronic check,21.37,122.27,No
T50254,47,Two year,Fiber optic,Yes,Yes,Electronic check,71.22,3448.28,Yes
T50255,36,Month-to-month,None,No,No,Credit card,60.13,1989.86,Yes
T50256,57,Month-to-month,Fiber optic,No,No,Mailed check,44.24,2472.24,Yes
T50257,66,Month-to-month,None,Yes,No,Credit card,69.67,4544.43,No
T50258,6,Two year,DSL,Yes,Yes,Mailed check,35.5,208.78,No
T50259,48,Two year,Fiber optic,No,Yes,Electronic check,63.21,3134.02,Yes
T50260,70,Month-to-month,Fiber optic,Yes,No,Credit card,25.7,1750.93,Yes
T50261,33,Two year,DSL,No,No,Bank transfer,55.63,1652.58,No
T50262,32,Month-to-month,DSL,Yes,No,Electronic check,50.15,1581.17,Yes
T50263,12,Month-to-month,DSL,Yes,Yes,Mailed check,32.69,357.38,No
T50264,24,One year,Fiber optic,No,No,Bank transfer,63.68,1317.42,No
T50265,17,Two year,None,Yes,No,Credit card,95.46,1600.73,No
T50266,39,Month-to-month,Fiber optic,No,Yes,Bank transfer,100.98,4044.6,Yes
T50267,48,Month-to-month,None,Yes,No,Bank transfer,105.14,4800.46,No
T50268,49,Month-to-month,Fiber optic,No,No,Electronic check,54.81,2515.16,Yes
T50269,55,Month-to-month,DSL,No,Yes,Bank transfer,37.97,1775.6,Yes
T50270,54,Month-to-month,Fiber optic,No,Yes,Bank transfer,68.22,3718.17,Yes
T50271,18,One year,Fiber optic,Yes,Yes,Electronic check,104.42,1829.51,No
T50272,52,Month-to-month,DSL,Yes,No,Electronic check,112.1,5039.52,No
T50273,36,Two year,None,Yes,No,Mailed check,115.91,4054.17,Yes
T50274,21,One year,Fiber optic,Yes,No,Credit card,26.2,510.62,No
T50275,46,Two year,None,Yes,No,Electronic check,75.14,3053.35,Yes
T50276,65,Month-to-month,Fiber optic,No,No,Electronic check,96.64,5955.73,Yes
T50277,52,One year,DSL,No,No,Bank transfer,107.9,5565.9,No
T50278,44,Month-to-month,Fiber optic,No,No,Bank transfer,99.02,4312.8,No
T50279,21,Month-to-month,Fiber optic,Yes,No,Credit card,105.53,2250.63,No
T50280,17,One year,Fiber optic,Yes,No,Electronic check,92.49,1371.38,No
T50281,65,One year,None,Yes,No,Electronic check,112.55,6568.48,No
T50282,23,Two year,Fiber optic,Yes,No,Credit card,56.88,1297.84,No
T50283,66,Month-to-month,DSL,Yes,No,Bank transfer,44.7,2587.03,No
T50284,72,Month-to-month,Fiber optic,No,No,Bank transfer,103.65,6400.14,No
T50285,48,Month-to-month,Fiber optic,Yes,No,Credit card,50.98,2422.11,No
T50286,5,Two year,DSL,No,No,Electronic check,81.75,370.29,Yes
T50287,6,Month-to-month,DSL,Yes,No,Bank transfer,119.45,666.73,Yes
T50288,56,Month-to-month,Fiber optic,Yes,No,Mailed check,65.2,3733.25,No
T50289,2,Month-to-month,DSL,Yes,Yes,Mailed check,105.14,200.4,Yes
T50290,52,Month-to-month,None,Yes,No,Mailed check,97.68,4574.69,No
T50291,64,One year,DSL,Yes,Yes,Credit card,73.45,4788.31,No
T50292,5,Two year,Fiber optic,Yes,No,Electronic check,111.87,577.04,Yes
T50293,42,Month-to-month,Fiber optic,No,Yes,Electronic check,95.62,3769.0,No
T50294,66,One year,DSL,Yes,No,Bank transfer,85.21,5154.77,No
T50295,34,Month-to-month,DSL,No,Yes,Electronic check,72.96,2431.0,Yes
T50296,16,One year,Fiber optic,Yes,Yes,Credit card,89.31,1243.16,No
T50297,32,Month-to-month,Fiber optic,Yes,No,Mailed check,43.48,1218.79,Yes
T50298,5,Two year,Fiber optic,No,Yes,Electronic check,61.26,288.2,Yes
T50299,16,Two year,Fiber optic,Yes,No,Mailed check,99.65,1658.11,Yes
T50300,3,Two year,DSL,Yes,No,Bank transfer,37.02,97.44,No
T50301,53,Month-to-month,DSL,No,No,Credit card,30.37,1392.5,No
T50302,23,One year,Fiber optic,Yes,No,Mailed check,56.81,1242.46,Yes
T50303,25,Two year,Fiber optic,Yes,Yes,Electronic check,112.47,2843.36,No
T50304,15,Two year,Fiber optic,No,No,Credit card,110.07,1556.27,Yes
T50305,8,Month-to-month,DSL,Yes,No,Electronic check,110.96,754.96,Yes
T50306,14,Month-to-month,None,Yes,No,Electronic check,31.87,412.31,No
T50307,28,Month-to-month,Fiber optic,Yes,No,Mailed check,92.89,2310.63,Yes
T50308,40,One year,Fiber optic,Yes,No,Credit card,111.66,4134.26,No
T50309,64,One year,Fiber optic,Yes,No,Bank transfer,118.84,7123.73,No
T50310,51,Month-to-month,None,Yes,No,Bank transfer,77.37,4129.63,Yes
T50311,24,Two year,DSL,Yes,No,Credit card,111.83,2420.27,No
T50312,29,Month-to-month,Fiber optic,Yes,Yes,Mailed check,20.29,584.46,Yes
T50313,11,Two year,Fiber optic,No,No,Bank transfer,82.66,854.57,No
T50314,67,One year,Fiber optic,Yes,Yes,Bank transfer,107.83,6164.74,Yes
T50315,38,Month-to-month,Fiber optic,Yes,No,Electronic check,33.78,1239.46,Yes
T50316,72,One year,None,No,No,Mailed check,68.22,4328.99,No
T50317,28,Two year,Fiber optic,Yes,No,Bank transfer,105.79,2725.63,No
T50318,32,Month-to-month,None,Yes,No,Bank transfer,59.69,1982.87,No
T50319,7,One year,DSL,No,No,Mailed check,50.19,358.55,No
T50320,11,Month-to-month,Fiber optic,Yes,Yes,Credit card,93.63,890.3,No
T50321,52,Month-to-month,None,Yes,No,Electronic check,104.87,4779.52,Yes
T50322,28,One year,DSL,Yes,No,Credit card,107.09,2615.89,No
T50323,40,Month-to-month,DSL,Yes,No,Credit card,36.36,1248.19,No
T50324,47,Two year,Fiber optic,No,No,Electronic check,85.44,4005.36,No
T50325,52,Two year,Fiber optic,Yes,No,Mailed check,33.88,1755.45,No
T50326,69,Month-to-month,DSL,No,No,Mailed check,33.46,2124.96,No
T50327,4,One year,DSL,No,No,Bank transfer,50.34,196.62,No
T50328,21,Month-to-month,Fiber optic,No,No,Electronic check,85.8,1627.77,No
T50329,58,One year,None,Yes,No,Credit card,94.0,5251.39,No
T50330,26,Month-to-month,DSL,Yes,No,Electronic check,69.54,1858.6,No
T50331,54,One year,DSL,No,Yes,Electronic check,113.42,5549.31,Yes
T50332,12,Month-to-month,Fiber optic,No,Yes,Electronic check,106.5,1162.89,Yes
T50333,24,Two year,Fiber optic,No,No,Mailed check,96.93,2398.94,No
T50334,2,Two year,DSL,Yes,No,Electronic check,36.03,63.21,Yes
T50335,42,Month-to-month,Fiber optic,Yes,No,Electronic check,35.73,1415.37,Yes
T50336,60,Month-to-month,Fiber optic,No,No,Mailed check,75.7,4289.55,No
T50337,72,Month-to-month,Fiber optic,Yes,Yes,Bank transfer,99.61,7214.98,Yes
T50338,41,One year,None,Yes,No,Mailed check,50.54,2089.22,No
T50339,63,Month-to-month,DSL,Yes,Yes,Credit card,35.04,1891.13,No
T50340,53,Month-to-month,Fiber optic,Yes,No,Mailed check,28.96,1499.21,Yes
T50341,18,Month-to-month,Fiber optic,No,Yes,Bank transfer,22.71,404.62,Yes
T50342,25,Month-to-month,Fiber optic,No,No,Mailed check,108.01,2810.99,No
T50343,16,Month-to-month,Fiber optic,Yes,No,Electronic check,97.72,1350.93,No
T50344,23,One year,DSL,Yes,No,Credit card,73.23,1617.08,No
T50345,10,Month-to-month,None,No,No,Credit card,98.11,876.74,Yes
T50346,53,Month-to-month,DSL,Yes,No,Mailed check,79.12,3976.73,Yes
T50347,34,Month-to-month,None,No,No,Electronic check,90.19,2942.8,Yes
T50348,31,Month-to-month,DSL,No,No,Bank transfer,21.56,610.5,No
T50349,17,One year,DSL,Yes,No,Electronic check,88.65,1515.37,No
T50350,20,Two year,Fiber optic,No,No,Credit card,59.06,1106.63,No
T50351,35,Month-to-month,None,No,No,Electronic check,70.82,2493.88,No
T50352,42,One year,DSL,No,No,Credit card,87.11,3129.66,No
T50353,33,Month-to-month,Fiber optic,Yes,No,Bank transfer,20.42,659.41,No
T50354,4,Two year,DSL,Yes,Yes,Bank transfer,82.76,313.46,No
T50355,35,One year,Fiber optic,Yes,No,Credit card,78.41,2746.55,No
T50356,57,Month-to-month,DSL,Yes,Yes,Mailed check,59.38,3442.71,No
T50357,29,Month-to-month,DSL,No,No,Bank transfer,105.82,2763.63,No
T50358,15,Month-to-month,DSL,Yes,No,Credit card,50.72,707.2,No
T50359,18,One year,Fiber optic,Yes,No,Electronic check,74.35,1153.83,No
T50360,56,One year,DSL,Yes,Yes,Bank transfer,111.33,5691.68,Yes
T50361,30,Two year,Fiber optic,Yes,Yes,Credit card,69.34,1916.53,No
T50362,65,One year,DSL,No,No,Electronic check,21.6,1348.47,No
T50363,33,Month-to-month,Fiber optic,Yes,No,Electronic check,108.42,3287.71,Yes
T50364,7,Month-to-month,None,Yes,No,Electronic check,54.05,371.3,Yes
T50365,60,Month-to-month,None,No,No,Credit card,54.24,2845.95,Yes
T50366,1,Two year,Fiber optic,No,No,Mailed check,69.4,64.04,No
T50367,30,Month-to-month,DSL,No,No,Bank transfer,103.72,2709.31,Yes
T50368,15,Month-to-month,DSL,No,Yes,Credit card,85.4,1132.63,No
T50369,62,One year,DSL,Yes,No,Bank transfer,49.85,3166.83,No
T50370,60,Two year,DSL,No,Yes,Bank transfer,106.23,5816.63,Yes
T50371,60,Two year,Fiber optic,Yes,Yes,Mailed check,92.03,4861.79,Yes
T50372,72,Two year,Fiber optic,No,No,Mailed check,51.81,3849.26,No
T50373,15,Month-to-month,Fiber optic,Yes,Yes,Electronic check,89.64,1171.66,No
T50374,1,One year,Fiber optic,No,No,Bank transfer,107.78,109.02,No
T50375,27,Month-to-month,Fiber optic,Yes,No,Mailed check,42.18,1072.29,No
T50376,53,Month-to-month,Fiber optic,No,Yes,Credit card,97.96,4603.04,Yes
T50377,8,Two year,DSL,Yes,Yes,Bank transfer,37.36,275.08,No
T50378,66,Month-to-month,DSL,No,No,Bank transfer,110.31,7339.42,Yes
T50379,61,One year,Fiber optic,No,Yes,Electronic check,103.18,6472.14,No
T50380,6,Month-to-month,None,Yes,No,Bank transfer,114.87,621.93,Yes
T50381,11,Month-to-month,DSL,Yes,No,Electronic check,92.74,914.65,Yes
T50382,68,Month-to-month,Fiber optic,No,No,Credit card,26.42,1660.95,No
T50383,45,One year,Fiber optic,Yes,No,Credit card,111.55,4530.62,Yes
T50384,58,One year,Fiber optic,No,Yes,Bank transfer,39.89,2204.69,Yes
T50385,46,Month-to-month,Fiber optic,Yes,Yes,Mailed check,24.1,1062.66,Yes
T50386,66,One year,None,No,No,Electronic check,69.63,4008.43,No
T50387,21,Month-to-month,DSL,No,No,Electronic check,114.94,2126.86,No
T50388,61,Month-to-month,None,No,No,Electronic check,118.36,6302.24,No
T50389,9,Month-to-month,Fiber optic,Yes,No,Bank transfer,60.85,555.8,No
T50390,51,Month-to-month,Fiber optic,Yes,No,Credit card,114.9,5892.79,Yes
T50391,39,Month-to-month,DSL,Yes,No,Bank transfer,82.57,2895.97,No
T50392,16,Month-to-month,DSL,Yes,Yes,Electronic check,45.98,628.53,Yes
T50393,42,Two year,DSL,Yes,Yes,Electronic check,55.61,2218.81,No
T50394,34,One year,None,No,No,Electronic check,31.21,1007.4,No
T50395,61,Month-to-month,None,Yes,No,Credit card,118.82,6804.47,Yes
T50396,43,Month-to-month,Fiber optic,No,No,Electronic check,22.01,961.7,No
T50397,56,Month-to-month,DSL,Yes,Yes,Mailed check,29.92,1579.6,No
T50398,54,Month-to-month,None,Yes,No,Bank transfer,44.05,2423.86,Yes
T50399,72,Two year,DSL,No,No,Electronic check,26.05,1906.77,No
T50400,30,Month-to-month,None,No,No,Bank transfer,98.35,2531.22,No
T50401,51,One year,DSL,No,Yes,Electronic check,38.93,1763.05,No
T50402,70,Month-to-month,Fiber optic,No,No,Electronic check,119.8,7206.98,No
T50403,19,Two year,DSL,No,No,Credit card,99.27,1882.82,No
T50404,16,Month-to-month,None,Yes,No,Mailed check,60.18,1010.12,Yes
T50405,24,One year,Fiber optic,Yes,No,Bank transfer,110.33,2757.7,No
T50406,40,Month-to-month,Fiber optic,Yes,No,Credit card,21.07,864.5,Yes
T50407,53,Month-to-month,None,Yes,No,Mailed check,26.33,1391.26,No
T50408,70,Two year,Fiber optic,Yes,No,Electronic check,83.28,5273.43,No
T50409,41,Month-to-month,DSL,Yes,Yes,Credit card,98.31,4193.61,No
T50410,27,One year,Fiber optic,No,Yes,Electronic check,56.59,1450.86,No
T50411,38,One year,DSL,Yes,No,Bank transfer,115.2,4071.4,No
T50412,15,One year,Fiber optic,Yes,Yes,Electronic check,94.97,1438.32,No
T50413,48,One year,DSL,No,No,Bank transfer,36.95,1619.04,No
T50414,14,Month-to-month,DSL,Yes,Yes,Credit card,62.18,816.39,No
T50415,19,Month-to-month,Fiber optic,No,No,Electronic check,44.74,882.54,Yes
T50416,57,Month-to-month,None,No,No,Mailed check,20.54,1131.86,No
T50417,66,Month-to-month,None,No,No,Mailed check,110.5,7086.11,No
T50418,20,Month-to-month,Fiber optic,No,No,Electronic check,89.54,1739.11,Yes
T50419,64,One year,Fiber optic,Yes,Yes,Electronic check,104.02,6750.9,No
T50420,32,One year,DSL,Yes,No,Mailed check,44.21,1237.54,No
T50421,12,Two year,Fiber optic,No,Yes,Electronic check,81.39,937.49,Yes
T50422,40,One year,DSL,Yes,No,Bank transfer,52.98,1842.88,No
T50423,54,Month-to-month,Fiber optic,No,Yes,Mailed check,41.86,2023.21,No
T50424,68,Month-to-month,Fiber optic,Yes,No,Credit card,68.47,4424.42,No
T50425,54,One year,DSL,Yes,No,Bank transfer,31.7,1627.16,No
T50426,62,Month-to-month,Fiber optic,Yes,No,Bank transfer,115.58,7006.73,Yes
T50427,69,Two year,Fiber optic,Yes,Yes,Bank transfer,64.49,3900.62,No
T50428,52,Two year,DSL,Yes,No,Credit card,54.17,2490.99,No
T50429,40,Month-to-month,Fiber optic,No,No,Credit card,93.57,3569.62,Yes
T50430,23,Two year,Fiber optic,Yes,Yes,Bank transfer,28.42,658.53,No
T50431,66,Month-to-month,Fiber optic,No,Yes,Electronic check,27.74,1583.48,No
T50432,43,Month-to-month,Fiber optic,No,No,Electronic check,107.67,4841.01,No
T50433,70,Month-to-month,DSL,No,No,Electronic check,39.57,2390.69,No
T50434,53,Two year,DSL,No,No,Mailed check,81.2,4040.06,Yes
T50435,3,Month-to-month,Fiber optic,Yes,No,Bank transfer,113.5,339.67,No
T50436,36,Month-to-month,Fiber optic,No,No,Bank transfer,20.8,639.07,Yes
T50437,64,One year,Fiber optic,Yes,Yes,Bank transfer,29.28,1675.96,No
T50438,2,One year,DSL,Yes,No,Bank transfer,44.68,86.41,No
T50439,59,One year,None,Yes,No,Electronic check,31.84,1658.91,No
T50440,42,Month-to-month,None,No,No,Bank transfer,55.65,2317.08,No
T50441,21,Month-to-month,None,Yes,No,Electronic check,59.08,1115.94,No
T50442,48,One year,None,No,No,Bank transfer,100.05,4951.55,Yes
T50443,16,Month-to-month,Fiber optic,No,Yes,Credit card,85.44,1263.7,No
T50444,19,Two year,DSL,Yes,No,Mailed check,37.77,732.58,No
T50445,44,Two year,Fiber optic,Yes,No,Electronic check,26.79,1216.34,Yes
T50446,17,Month-to-month,Fiber optic,No,No,Electronic check,47.07,834.02,No
T50447,44,Month-to-month,Fiber optic,No,No,Electronic check,24.29,1065.99,Yes
T50448,60,Month-to-month,Fiber optic,No,No,Credit card,36.17,2073.56,No
T50449,56,One year,Fiber optic,No,No,Credit card,113.97,6088.64,No
T50450,45,Month-to-month,Fiber optic,Yes,No,Credit card,87.5,3360.48,No
T50451,27,Two year,DSL,No,No,Bank transfer,47.44,1291.94,No
T50452,26,Month-to-month,DSL,No,No,Electronic check,65.06,1592.8,No
T50453,49,One year,DSL,Yes,Yes,Bank transfer,79.81,4092.5,No
T50454,69,Month-to-month,Fiber optic,Yes,Yes,Mailed check,43.82,2689.3,No
T50455,0,Two year,DSL,Yes,No,Credit card,104.99,99.62,No
T50456,59,One year,DSL,Yes,No,Credit card,65.84,3816.06,No
T50457,57,Month-to-month,DSL,Yes,No,Credit card,108.5,5497.32,Yes
T50458,51,Month-to-month,DSL,Yes,No,Electronic check,119.02,6083.72,Yes
T50459,37,Month-to-month,Fiber optic,Yes,Yes,Mailed check,116.17,4296.68,No
T50460,51,Two year,None,No,No,Electronic check,32.95,1696.88,No
T50461,9,Two year,Fiber optic,Yes,No,Credit card,73.58,661.41,No
T50462,41,One year,Fiber optic,Yes,No,Electronic check,29.6,1051.56,No
T50463,1,Month-to-month,Fiber optic,Yes,No,Bank transfer,88.79,76.08,No
T50464,30,Month-to-month,Fiber optic,Yes,No,Credit card,105.1,3243.91,Yes
T50465,68,Month-to-month,Fiber optic,No,No,Credit card,115.76,7080.03,No
T50466,38,Two year,Fiber optic,Yes,Yes,Mailed check,23.91,823.89,Yes
T50467,12,One year,DSL,No,Yes,Mailed check,70.1,812.96,No
T50468,38,One year,DSL,Yes,No,Electronic check,116.62,4254.38,Yes
T50469,19,One year,Fiber optic,No,No,Electronic check,99.13,1950.8,Yes
T50470,58,Month-to-month,Fiber optic,No,Yes,Credit card,36.76,2153.89,No
T50471,62,Month-to-month,DSL,No,No,Bank transfer,70.13,4003.59,Yes
T50472,12,Month-to-month,Fiber optic,No,No,Mailed check,118.37,1259.65,No
T50473,17,Month-to-month,None,Yes,No,Credit card,94.8,1420.38,Yes
T50474,16,Month-to-month,Fiber optic,Yes,Yes,Electronic check,70.99,968.71,No
T50475,56,Two year,Fiber optic,Yes,No,Mailed check,71.07,3586.81,No
T50476,2,Two year,DSL,No,Yes,Mailed check,73.3,128.18,Yes
T50477,3,Month-to-month,None,No,No,Credit card,112.83,289.01,No
T50478,35,Two year,Fiber optic,No,Yes,Electronic check,46.26,1402.32,No
T50479,60,Month-to-month,DSL,Yes,No,Credit card,23.1,1403.74,No
T50480,47,Two year,None,Yes,No,Electronic check,107.04,5116.05,No
T50481,30,One year,Fiber optic,No,Yes,Mailed check,47.99,1224.43,No
T50482,42,Month-to-month,Fiber optic,Yes,No,Electronic check,20.06,847.58,No
T50483,27,One year,DSL,Yes,No,Bank transfer,80.83,2200.41,No
T50484,38,Month-to-month,None,No,No,Bank transfer,70.32,2521.84,Yes
T50485,11,Month-to-month,DSL,Yes,Yes,Credit card,41.21,474.59,No
T50486,3,Month-to-month,DSL,Yes,No,Electronic check,102.8,284.78,No
T50487,66,One year,None,Yes,No,Electronic check,117.41,8132.83,No
T50488,36,One year,Fiber optic,Yes,No,Bank transfer,102.57,3414.89,No
T50489,58,Month-to-month,Fiber optic,No,Yes,Electronic check,22.53,1112.4,No
T50490,56,One year,Fiber optic,No,Yes,Credit card,56.26,3123.6,Yes
T50491,15,Month-to-month,None,Yes,No,Credit card,61.21,800.24,No
T50492,59,Month-to-month,Fiber optic,Yes,No,Mailed check,73.7,4334.93,No
T50493,46,One year,Fiber optic,No,Yes,Electronic check,93.52,4121.09,No
T50494,48,Two year,None,Yes,No,Bank transfer,53.43,2187.52,No
T50495,50,Month-to-month,None,No,No,Electronic check,21.72,1113.37,Yes
T50496,57,Month-to-month,Fiber optic,No,No,Bank transfer,102.87,5787.87,No
T50497,32,Month-to-month,Fiber optic,Yes,No,Electronic check,28.97,889.28,Yes
T50498,12,Month-to-month,Fiber optic,No,No,Electronic check,83.27,991.91,Yes
T50499,63,Month-to-month,Fiber optic,Yes,Yes,Mailed check,72.74,4388.19,No
T50500,9,Month-to-month,Fiber optic,Yes,No,Bank transfer,81.98,720.28,No
T50501,57,Month-to-month,Fiber optic,No,No,Electronic check,116.16,6936.07,No
T50502,54,Month-to-month,DSL,Yes,No,Electronic check,50.46,2805.22,Yes
T50503,10,Month-to-month,DSL,No,Yes,Bank transfer,24.74,247.31,Yes
T50504,70,Two year,None,Yes,No,Mailed check,91.58,6726.56,No
T50505,0,Two year,Fiber optic,Yes,No,Bank transfer,88.57,80.39,No
T50506,72,Two year,Fiber optic,Yes,Yes,Electronic check,26.6,1783.46,No
T50507,68,Month-to-month,DSL,No,Yes,Credit card,83.27,5877.55,No
T50508,55,Two year,Fiber optic,Yes,No,Electronic check,76.5,3890.29,No
T50509,0,Two year,DSL,No,No,Mailed check,32.77,30.14,Yes
T50510,55,One year,DSL,Yes,No,Mailed check,108.17,5343.7,No
T50511,68,Month-to-month,Fiber optic,No,No,Credit card,114.05,6989.33,No
T50512,66,One year,None,Yes,No,Bank transfer,54.57,3498.18,No
T50513,40,Month-to-month,DSL,No,No,Electronic check,72.0,2987.16,No
T50514,70,Month-to-month,Fiber optic,Yes,No,Bank transfer,47.0,3077.06,Yes
T50515,62,Month-to-month,None,Yes,No,Bank transfer,48.51,3077.01,No
T50516,10,Two year,DSL,Yes,Yes,Electronic check,78.54,793.79,Yes
T50517,72,One year,Fiber optic,No,No,Credit card,96.37,7128.19,No
T50518,51,Two year,None,Yes,No,Mailed check,106.23,5034.83,No
T50519,19,Two year,DSL,Yes,No,Electronic check,29.12,552.69,No
T50520,54,Two year,None,No,No,Electronic check,59.68,2792.27,No
T50521,50,Month-to-month,Fiber optic,Yes,Yes,Credit card,59.47,2777.53,No
T50522,70,Month-to-month,Fiber optic,No,No,Bank transfer,67.78,4301.76,Yes
T50523,5,Month-to-month,None,Yes,No,Credit card,114.74,494.38,No
T50524,62,One year,Fiber optic,No,Yes,Credit card,75.05,4275.62,No
T50525,71,Month-to-month,DSL,No,No,Mailed check,110.96,8125.54,No
T50526,24,Month-to-month,None,Yes,No,Mailed check,110.3,2300.44,Yes
T50527,50,Month-to-month,Fiber optic,No,No,Credit card,32.3,1591.18,No
T50528,42,Month-to-month,Fiber optic,Yes,Yes,Electronic check,90.76,3714.52,Yes
T50529,1,Month-to-month,DSL,No,No,Bank transfer,51.43,44.85,No
T50530,43,Month-to-month,DSL,No,No,Credit card,118.77,4490.82,Yes
T50531,58,Month-to-month,Fiber optic,Yes,No,Credit card,45.88,2312.8,No
T50532,46,Month-to-month,DSL,Yes,Yes,Electronic check,52.22,2052.38,No
T50533,51,Two year,Fiber optic,Yes,No,Mailed check,37.84,1863.24,Yes
T50534,19,Month-to-month,None,No,No,Mailed check,67.83,1241.55,Yes
T50535,72,One year,DSL,Yes,No,Bank transfer,52.71,3937.35,No
T50536,18,One year,DSL,No,No,Bank transfer,83.8,1331.08,No
T50537,55,Month-to-month,Fiber optic,No,Yes,Credit card,108.33,5916.52,No
T50538,65,Two year,DSL,No,Yes,Credit card,73.33,4781.53,No
T50539,36,Two year,Fiber optic,Yes,No,Electronic check,50.25,1655.47,No
T50540,17,Month-to-month,Fiber optic,No,No,Bank transfer,74.89,1295.72,No
T50541,19,One year,Fiber optic,No,No,Bank transfer,37.99,723.19,No
T50542,67,Month-to-month,DSL,Yes,No,Electronic check,86.59,6050.29,Yes
T50543,68,Month-to-month,None,Yes,No,Electronic check,35.29,2111.71,No
T50544,9,One year,DSL,Yes,No,Credit card,94.31,857.79,No
T50545,22,Month-to-month,Fiber optic,Yes,No,Bank transfer,75.84,1540.72,No
T50546,27,Month-to-month,DSL,Yes,Yes,Credit card,64.76,1794.81,No
T50547,17,Month-to-month,None,Yes,No,Mailed check,46.86,797.06,No
T50548,32,One year,Fiber optic,Yes,No,Bank transfer,112.22,3231.31,Yes
T50549,5,One year,None,Yes,No,Mailed check,116.82,513.46,No
T50550,13,Two year,Fiber optic,Yes,No,Electronic check,32.08,363.44,Yes
T50551,28,One year,DSL,Yes,No,Electronic check,48.89,1313.42,No
T50552,71,Month-to-month,None,No,No,Mailed check,34.39,2343.98,Yes
T50553,47,Two year,Fiber optic,Yes,Yes,Electronic check,113.92,4811.39,No
T50554,13,One year,DSL,Yes,No,Credit card,85.41,961.56,No
T50555,9,Month-to-month,None,Yes,No,Electronic check,69.25,540.53,Yes
T50556,25,Month-to-month,None,Yes,No,Mailed check,81.83,1863.98,Yes
T50557,47,Two year,Fiber optic,Yes,No,Mailed check,92.61,3704.04,No
T50558,37,Two year,Fiber optic,Yes,No,Mailed check,66.72,2194.7,Yes
T50559,45,One year,Fiber optic,No,Yes,Electronic check,83.87,3249.24,No
T50560,1,Month-to-month,DSL,Yes,No,Electronic check,47.12,42.73,Yes
T50561,11,One year,DSL,Yes,Yes,Electronic check,113.95,1099.72,No
T50562,70,Two year,Fiber optic,Yes,Yes,Credit card,103.41,6913.42,Yes
T50563,58,Month-to-month,DSL,Yes,No,Bank transfer,80.09,4643.32,No
T50564,14,Month-to-month,None,Yes,No,Credit card,31.62,432.74,No
T50565,23,Month-to-month,DSL,No,No,Mailed check,104.76,2326.16,No
T50566,31,Month-to-month,DSL,Yes,No,Bank transfer,103.41,3089.46,Yes
T50567,30,One year,DSL,No,No,Electronic check,87.98,2498.75,Yes
T50568,27,Month-to-month,Fiber optic,No,No,Electronic check,26.1,699.72,Yes
T50569,61,Month-to-month,Fiber optic,Yes,Yes,Mailed check,93.14,5888.91,No
T50570,47,Month-to-month,Fiber optic,Yes,No,Electronic check,87.09,4269.46,Yes
T50571,44,Month-to-month,Fiber optic,Yes,No,Mailed check,100.3,3940.04,No
T50572,22,One year,Fiber optic,Yes,No,Mailed check,24.99,482.28,No
T50573,66,Month-to-month,Fiber optic,Yes,No,Electronic check,86.22,4847.28,Yes
T50574,10,Month-to-month,Fiber optic,Yes,No,Electronic check,61.43,531.27,Yes
T50575,3,Month-to-month,Fiber optic,Yes,Yes,Electronic check,50.26,150.55,Yes
T50576,58,Two year,Fiber optic,Yes,No,Electronic check,96.29,5049.72,No
T50577,17,Two year,Fiber optic,Yes,No,Electronic check,116.8,1896.32,No
T50578,3,Month-to-month,None,No,No,Mailed check,92.26,290.54,No
T50579,36,One year,DSL,No,No,Electronic check,37.24,1209.6,No
T50580,69,One year,None,Yes,No,Electronic check,49.94,3398.47,No
T50581,11,Month-to-month,Fiber optic,No,No,Bank transfer,72.86,806.78,Yes
T50582,63,One year,Fiber optic,No,Yes,Credit card,36.91,2335.51,No
T50583,38,One year,Fiber optic,No,Yes,Credit card,119.38,4465.77,No
T50584,2,One year,DSL,No,Yes,Electronic check,33.94,67.55,No
T50585,0,Month-to-month,Fiber optic,Yes,No,Electronic check,84.72,78.7,No
T50586,51,Month-to-month,DSL,Yes,Yes,Electronic check,99.67,5055.1,Yes
T50587,19,Month-to-month,Fiber optic,Yes,No,Bank transfer,45.36,752.1,No
T50588,62,One year,None,No,No,Electronic check,83.86,5274.72,Yes
T50589,49,One year,Fiber optic,Yes,No,Electronic check,64.4,3154.32,Yes
T50590,9,Month-to-month,Fiber optic,Yes,No,Credit card,84.23,762.98,No
T50591,27,One year,DSL,No,Yes,Electronic check,78.95,1908.59,Yes
T50592,51,One year,DSL,No,No,Bank transfer,48.77,2394.02,Yes
T50593,62,Month-to-month,Fiber optic,Yes,No,Electronic check,61.69,3445.82,No
T50594,45,Two year,DSL,Yes,Yes,Bank transfer,80.21,3660.99,No
T50595,63,Two year,None,No,No,Electronic check,94.56,5803.19,No
T50596,7,Month-to-month,Fiber optic,Yes,Yes,Credit card,35.93,228.23,Yes
T50597,31,Month-to-month,Fiber optic,Yes,Yes,Electronic check,61.23,1782.72,Yes
T50598,49,Month-to-month,Fiber optic,No,No,Electronic check,67.69,2833.61,No
T50599,4,Two year,Fiber optic,No,No,Mailed check,42.97,152.39,No
T50600,24,Two year,DSL,Yes,Yes,Mailed check,106.95,2252.61,No
T50601,67,Month-to-month,DSL,Yes,No,Credit card,109.21,7041.77,No
T50602,50,One year,Fiber optic,Yes,Yes,Mailed check,118.56,5760.31,No
T50603,50,Month-to-month,None,Yes,No,Mailed check,27.11,1385.43,Yes
T50604,18,Two year,DSL,Yes,No,Mailed check,45.6,795.59,No
T50605,69,Month-to-month,Fiber optic,Yes,No,Bank transfer,48.55,3205.08,No
T50606,20,One year,Fiber optic,No,Yes,Mailed check,29.4,610.47,No
T50607,29,Month-to-month,DSL,Yes,Yes,Bank transfer,84.14,2165.77,No
T50608,45,Month-to-month,Fiber optic,Yes,No,Mailed check,62.66,2793.38,No
T50609,40,Month-to-month,DSL,Yes,No,Bank transfer,48.77,1659.89,No
T50610,31,One year,Fiber optic,No,Yes,Bank transfer,68.64,2053.27,No
T50611,63,Month-to-month,DSL,Yes,No,Bank transfer,46.96,2599.84,Yes
T50612,57,One year,Fiber optic,No,No,Credit card,61.6,3565.47,No
T50613,13,One year,None,Yes,No,Bank transfer,79.81,1089.13,Yes
T50614,51,One year,DSL,No,No,Bank transfer,68.03,3421.85,No
T50615,48,Two year,Fiber optic,Yes,No,Electronic check,92.01,4169.45,No
T50616,20,Month-to-month,Fiber optic,No,No,Mailed check,84.05,1613.51,Yes
T50617,6,Month-to-month,None,Yes,No,Bank transfer,83.97,463.84,Yes
T50618,1,Month-to-month,Fiber optic,Yes,No,Credit card,32.12,28.79,No
T50619,61,Two year,None,Yes,No,Credit card,56.47,2987.7,No
T50620,69,One year,Fiber optic,No,No,Electronic check,48.79,3371.39,No
T50621,45,Month-to-month,None,No,No,Bank transfer,91.81,4182.39,Yes
T50622,13,One year,Fiber optic,No,Yes,Credit card,92.61,1028.74,No
T50623,44,One year,Fiber optic,No,No,Bank transfer,56.88,2556.22,No
T50624,5,One year,DSL,No,No,Credit card,21.16,107.41,Yes
T50625,46,One year,Fiber optic,Yes,No,Electronic check,81.53,3270.11,No
T50626,37,One year,None,Yes,No,Mailed check,118.92,4554.38,No
T50627,56,Month-to-month,Fiber optic,No,No,Electronic check,47.41,2726.34,No
T50628,39,One year,DSL,No,No,Mailed check,45.07,1605.86,No
T50629,30,Month-to-month,DSL,Yes,No,Bank transfer,26.86,795.78,Yes
T50630,11,Month-to-month,DSL,No,Yes,Credit card,90.14,914.75,No
T50631,15,One year,Fiber optic,Yes,Yes,Credit card,43.13,670.47,No
T50632,29,Month-to-month,Fiber optic,Yes,No,Electronic check,80.83,2130.35,Yes
T50633,13,One year,Fiber optic,Yes,No,Mailed check,103.2,1149.76,No
T50634,21,Month-to-month,Fiber optic,No,No,Mailed check,93.25,1826.65,Yes
T50635,12,Two year,DSL,No,No,Bank transfer,68.54,738.13,No
T50636,48,Month-to-month,Fiber optic,Yes,No,Bank transfer,41.0,1964.61,No
T50637,68,Month-to-month,Fiber optic,Yes,No,Bank transfer,93.77,5686.97,No
T50638,43,Month-to-month,DSL,Yes,No,Bank transfer,104.13,4308.71,No
T50639,23,One year,DSL,No,No,Electronic check,31.27,661.27,Yes
T50640,40,One year,Fiber optic,No,No,Bank transfer,86.4,3421.21,No
T50641,60,Month-to-month,Fiber optic,Yes,No,Credit card,88.29,4786.38,No
T50642,30,One year,None,No,No,Electronic check,111.96,2953.99,No
T50643,35,Month-to-month,Fiber optic,Yes,Yes,Electronic check,112.4,3922.05,No
T50644,2,One year,Fiber optic,Yes,No,Mailed check,65.34,134.25,Yes
T50645,20,Two year,Fiber optic,Yes,No,Credit card,108.74,1940.88,No
T50646,22,One year,Fiber optic,Yes,No,Electronic check,112.71,2386.2,No
T50647,11,Month-to-month,Fiber optic,No,No,Electronic check,65.08,650.81,Yes
T50648,17,Month-to-month,DSL,Yes,No,Mailed check,25.33,417.49,No
T50649,72,Month-to-month,DSL,No,Yes,Credit card,74.25,5354.98,No
T50650,10,Month-to-month,Fiber optic,Yes,Yes,Bank transfer,21.21,217.14,No
T50651,62,One year,None,Yes,No,Bank transfer,38.04,2014.31,No
T50652,46,Month-to-month,DSL,No,No,Credit card,96.17,4491.18,No
T50653,42,Month-to-month,DSL,Yes,Yes,Credit card,72.42,3118.25,No
T50654,58,Two year,DSL,Yes,No,Mailed check,93.27,4988.66,No
T50655,66,Two year,Fiber optic,No,No,Bank transfer,88.92,5130.26,No
T50656,46,Month-to-month,DSL,No,No,Bank transfer,119.83,5194.07,No
T50657,14,Month-to-month,Fiber optic,Yes,No,Mailed check,21.06,289.26,Yes
T50658,42,Month-to-month,DSL,No,Yes,Mailed check,68.94,2988.74,No
T50659,48,Month-to-month,Fiber optic,No,Yes,Electronic check,112.17,4608.23,Yes
T50660,67,Month-to-month,DSL,No,Yes,Mailed check,45.62,2898.31,No
T50661,26,One year,Fiber optic,Yes,No,Credit card,102.05,2289.66,No
T50662,48,Two year,None,No,No,Credit card,25.52,1135.25,No
T50663,29,One year,Fiber optic,Yes,No,Mailed check,76.09,1983.22,No
T50664,40,Month-to-month,None,Yes,No,Credit card,56.73,2324.6,No
T50665,15,Month-to-month,Fiber optic,No,No,Electronic check,102.88,1503.81,No
T50666,8,Month-to-month,Fiber optic,Yes,Yes,Credit card,56.65,429.0,Yes
T50667,35,One year,Fiber optic,No,Yes,Credit card,115.67,4242.05,Yes
T50668,25,Month-to-month,None,No,No,Electronic check,107.03,2723.14,No
T50669,9,One year,Fiber optic,Yes,No,Electronic check,38.36,352.76,Yes
T50670,30,Month-to-month,None,No,No,Credit card,54.09,1575.07,Yes
T50671,23,Month-to-month,Fiber optic,No,Yes,Credit card,115.96,2330.61,No
T50672,0,One year,Fiber optic,Yes,No,Electronic check,80.9,72.99,Yes
T50673,27,Month-to-month,Fiber optic,No,Yes,Credit card,54.7,1464.81,Yes
T50674,40,Month-to-month,None,No,No,Mailed check,51.5,2040.46,Yes
T50675,38,Month-to-month,DSL,Yes,Yes,Credit card,84.0,2781.81,Yes
T50676,63,Month-to-month,Fiber optic,Yes,Yes,Bank transfer,83.23,5487.9,No
T50677,65,Month-to-month,None,Yes,No,Electronic check,73.07,4578.37,No
T50678,23,One year,DSL,No,No,Electronic check,23.58,568.52,No
T50679,67,Month-to-month,Fiber optic,No,No,Mailed check,46.06,2960.5,Yes
T50680,33,One year,Fiber optic,No,Yes,Electronic check,98.67,3147.72,Yes
T50681,6,One year,Fiber optic,No,No,Mailed check,49.66,280.29,No
T50682,68,One year,Fiber optic,Yes,No,Electronic check,104.63,7055.47,No
T50683,0,Month-to-month,Fiber optic,Yes,No,Electronic check,79.69,70.15,Yes
T50684,33,Month-to-month,Fiber optic,Yes,No,Bank transfer,74.94,2397.41,Yes
T50685,38,Month-to-month,None,Yes,No,Electronic check,40.57,1553.36,Yes
T50686,9,One year,Fiber optic,No,No,Mailed check,118.64,1106.82,Yes
T50687,10,One year,None,No,No,Bank transfer,48.96,496.51,Yes
T50688,41,One year,DSL,No,No,Electronic check,99.36,4145.05,Yes
T50689,17,Month-to-month,DSL,No,Yes,Bank transfer,20.37,299.85,No
T50690,31,Month-to-month,None,Yes,No,Bank transfer,90.29,2721.3,No
T50691,15,One year,Fiber optic,No,Yes,Electronic check,59.55,828.91,Yes
T50692,18,Month-to-month,DSL,Yes,Yes,Credit card,113.5,1910.48,Yes
T50693,8,Two year,None,Yes,No,Electronic check,50.86,377.21,Yes
T50694,23,One year,DSL,Yes,No,Bank transfer,38.4,886.47,No
T50695,71,Month-to-month,DSL,Yes,No,Credit card,24.83,1588.54,Yes
T50696,22,Month-to-month,None,Yes,No,Bank transfer,73.23,1639.57,Yes
T50697,37,Month-to-month,Fiber optic,Yes,No,Electronic check,24.25,864.32,Yes
T50698,7,Two year,None,Yes,No,Bank transfer,33.2,241.05,No
T50699,10,One year,DSL,Yes,Yes,Electronic check,28.53,297.74,No
T50700,23,Two year,DSL,No,No,Bank transfer,100.63,2210.83,No
T50701,37,Month-to-month,DSL,No,No,Mailed check,98.08,3724.71,No
T50702,65,Month-to-month,Fiber optic,Yes,Yes,Credit card,91.58,5995.34,No
T50703,70,One year,Fiber optic,Yes,Yes,Credit card,49.76,3237.1,No
T50704,19,Two year,DSL,Yes,No,Credit card,39.83,768.73,No
T50705,44,One year,DSL,No,Yes,Bank transfer,101.68,3834.72,No
T50706,0,Month-to-month,DSL,No,No,Bank transfer,109.02,93.03,No
T50707,41,Two year,Fiber optic,Yes,No,Electronic check,98.05,3617.79,No
T50708,63,Month-to-month,Fiber optic,No,No,Credit card,60.21,3441.52,No
T50709,1,Month-to-month,Fiber optic,Yes,No,Mailed check,44.59,41.21,Yes
T50710,2,One year,DSL,No,Yes,Electronic check,82.67,152.25,No
T50711,59,Month-to-month,Fiber optic,No,Yes,Bank transfer,52.02,3137.96,Yes
T50712,41,Month-to-month,Fiber optic,No,Yes,Credit card,53.65,2274.55,No
T50713,18,One year,Fiber optic,No,Yes,Credit card,76.52,1386.17,No
T50714,55,One year,DSL,Yes,No,Bank transfer,40.05,2282.28,No
T50715,53,Two year,Fiber optic,No,No,Electronic check,24.96,1141.27,Yes
T50716,62,Month-to-month,None,Yes,No,Credit card,101.04,6403.71,No
T50717,57,Month-to-month,Fiber optic,Yes,Yes,Mailed check,68.09,4064.28,Yes
T50718,71,Two year,DSL,No,Yes,Credit card,83.46,5112.91,No
T50719,29,Two year,DSL,Yes,Yes,Bank transfer,99.8,2824.79,Yes
T50720,21,Month-to-month,Fiber optic,Yes,No,Mailed check,75.4,1545.7,Yes
T50721,5,Two year,Fiber optic,No,No,Credit card,56.59,264.27,No
T50722,65,Two year,Fiber optic,No,No,Mailed check,110.55,6831.03,No
T50723,30,Month-to-month,None,Yes,No,Credit card,95.56,2859.45,No
T50724,59,One year,DSL,Yes,No,Mailed check,45.43,2540.83,No
T50725,42,Two year,Fiber optic,No,No,Mailed check,64.82,2857.35,No
T50726,46,Month-to-month,None,No,No,Electronic check,71.76,3305.64,Yes
T50727,59,Month-to-month,Fiber optic,Yes,No,Electronic check,66.64,3550.83,Yes
T50728,58,Two year,DSL,Yes,Yes,Mailed check,46.9,2619.83,No
T50729,65,Month-to-month,Fiber optic,No,Yes,Bank transfer,115.36,6490.12,Yes
T50730,3,One year,None,Yes,No,Bank transfer,93.16,260.14,No
T50731,53,Two year,Fiber optic,Yes,No,Electronic check,73.1,3332.43,No
T50732,40,Month-to-month,None,No,No,Mailed check,85.9,3129.04,No
T50733,50,Month-to-month,None,No,No,Mailed check,32.8,1422.97,Yes
T50734,5,Two year,Fiber optic,No,No,Bank transfer,87.38,375.74,No
T50735,4,Month-to-month,DSL,Yes,No,Credit card,30.96,124.11,No
T50736,58,Two year,DSL,No,No,Bank transfer,26.68,1389.65,No
T50737,25,One year,None,Yes,No,Credit card,109.57,2338.49,No
T50738,62,One year,Fiber optic,Yes,No,Electronic check,80.21,5156.68,Yes
T50739,22,One year,Fiber optic,Yes,No,Mailed check,101.59,2209.54,No
T50740,4,Month-to-month,DSL,Yes,Yes,Credit card,103.17,372.24,No
T50741,62,One year,None,Yes,No,Bank transfer,50.85,3249.12,No
T50742,41,One year,DSL,Yes,No,Bank transfer,48.66,1826.44,Yes
T50743,29,Month-to-month,Fiber optic,Yes,No,Mailed check,27.27,800.24,Yes
T50744,23,Two year,Fiber optic,Yes,No,Mailed check,105.48,2266.19,No
T50745,32,Month-to-month,Fiber optic,Yes,No,Electronic check,75.67,2162.45,Yes
T50746,26,Month-to-month,Fiber optic,No,Yes,Mailed check,54.86,1385.29,No
T50747,28,One year,DSL,Yes,No,Credit card,76.27,1822.92,No
T50748,7,Month-to-month,Fiber optic,No,No,Mailed check,42.47,295.98,Yes
T50749,42,One year,DSL,No,No,Bank transfer,28.63,1062.31,Yes
T50750,51,Month-to-month,DSL,No,No,Mailed check,112.19,5524.6,No
T50751,71,Month-to-month,Fiber optic,Yes,No,Bank transfer,82.86,5292.9,No
T50752,71,Month-to-month,None,Yes,No,Mailed check,113.56,7963.12,Yes
T50753,54,Month-to-month,Fiber optic,Yes,Yes,Electronic check,81.71,4405.2,Yes
T50754,51,One year,Fiber optic,No,No,Credit card,102.43,5127.47,Yes
T50755,47,One year,DSL,Yes,No,Electronic check,117.06,4889.54,Yes
T50756,62,Month-to-month,Fiber optic,No,No,Electronic check,112.34,6448.68,Yes
T50757,25,Month-to-month,Fiber optic,No,Yes,Credit card,53.64,1209.42,No
T50758,13,One year,None,Yes,No,Electronic check,117.28,1442.92,No
T50759,39,Month-to-month,None,No,No,Credit card,102.39,3793.96,No
T50760,3,Month-to-month,Fiber optic,No,No,Mailed check,46.58,141.41,No
T50761,1,Month-to-month,None,No,No,Bank transfer,114.43,112.61,No
T50762,30,One year,Fiber optic,Yes,Yes,Bank transfer,44.26,1375.91,No
T50763,50,Month-to-month,Fiber optic,Yes,No,Electronic check,60.24,3077.14,No
T50764,46,One year,Fiber optic,No,No,Mailed check,25.12,1027.26,No
T50765,7,One year,Fiber optic,No,No,Electronic check,28.01,199.15,No
T50766,65,One year,Fiber optic,No,No,Bank transfer,34.0,2009.41,No
T50767,37,Two year,DSL,Yes,No,Bank transfer,35.49,1331.87,No
T50768,5,Month-to-month,DSL,No,No,Mailed check,38.02,180.84,Yes
T50769,55,One year,None,Yes,No,Electronic check,57.34,3263.98,No
T50770,12,Month-to-month,Fiber optic,Yes,Yes,Credit card,31.49,352.45,No
T50771,67,Month-to-month,Fiber optic,No,No,Electronic check,23.68,1648.24,No
T50772,42,Month-to-month,Fiber optic,Yes,No,Bank transfer,107.7,4348.53,No
T50773,70,Month-to-month,Fiber optic,No,No,Mailed check,43.52,2953.82,No
T50774,23,Month-to-month,Fiber optic,Yes,No,Electronic check,40.56,855.04,No
T50775,63,Month-to-month,Fiber optic,Yes,No,Bank transfer,87.79,5013.64,Yes
T50776,8,Month-to-month,Fiber optic,Yes,No,Credit card,93.76,699.77,No
T50777,35,Two year,Fiber optic,No,Yes,Bank transfer,49.6,1511.06,No
T50778,19,Month-to-month,DSL,No,Yes,Bank transfer,26.03,491.41,No
T50779,61,Two year,Fiber optic,Yes,Yes,Credit card,106.15,5674.51,Yes
T50780,31,Month-to-month,DSL,Yes,No,Credit card,64.01,1796.13,No
T50781,68,One year,None,No,No,Mailed check,34.15,2354.07,No
T50782,68,One year,Fiber optic,Yes,Yes,Credit card,60.73,3656.98,No
T50783,63,One year,Fiber optic,No,No,Electronic check,117.56,7426.22,No
T50784,21,Two year,DSL,Yes,Yes,Bank transfer,25.96,467.01,No
T50785,55,One year,Fiber optic,No,No,Electronic check,30.35,1721.03,Yes
T50786,66,One year,Fiber optic,Yes,Yes,Bank transfer,80.2,5482.53,No
T50787,0,Month-to-month,DSL,No,Yes,Electronic check,34.14,33.87,No
T50788,66,Two year,DSL,Yes,Yes,Credit card,78.29,4740.85,No
T50789,32,One year,Fiber optic,No,No,Electronic check,88.71,2824.03,Yes
T50790,23,One year,None,No,No,Bank transfer,90.07,1895.25,Yes
T50791,4,Month-to-month,Fiber optic,No,Yes,Credit card,112.5,394.37,No
T50792,34,Month-to-month,None,Yes,No,Bank transfer,117.79,3943.19,No
T50793,0,Month-to-month,Fiber optic,No,Yes,Mailed check,102.49,90.75,No
T50794,17,Month-to-month,DSL,Yes,No,Electronic check,56.48,956.06,Yes
T50795,23,Month-to-month,None,No,No,Electronic check,89.22,1967.07,Yes
T50796,34,Month-to-month,None,No,No,Bank transfer,37.56,1243.49,No
T50797,29,Two year,None,No,No,Bank transfer,79.89,2117.3,No
T50798,32,Month-to-month,DSL,Yes,No,Electronic check,96.62,3016.02,Yes
T50799,51,Two year,DSL,Yes,No,Electronic check,53.22,2815.58,Yes
T50800,62,Month-to-month,DSL,Yes,No,Electronic check,96.35,6047.62,No
T50801,53,Month-to-month,Fiber optic,No,No,Credit card,79.57,4394.36,Yes
T50802,65,Month-to-month,Fiber optic,No,Yes,Electronic check,118.5,7534.53,Yes
T50803,37,One year,None,No,No,Electronic check,73.19,2519.97,No
T50804,5,One year,None,Yes,No,Electronic check,95.94,468.51,Yes
T50805,1,Month-to-month,Fiber optic,No,Yes,Bank transfer,60.77,57.81,No
T50806,55,Two year,Fiber optic,No,No,Credit card,51.97,2698.82,Yes
T50807,37,Two year,DSL,Yes,No,Electronic check,24.5,919.7,No
T50808,67,Month-to-month,None,Yes,No,Mailed check,115.55,7833.64,Yes
T50809,6,One year,DSL,Yes,Yes,Credit card,57.94,324.35,No
T50810,14,Month-to-month,Fiber optic,No,No,Electronic check,110.85,1359.14,Yes
T50811,46,One year,DSL,Yes,No,Electronic check,98.46,4326.87,No
T50812,13,Month-to-month,None,Yes,No,Mailed check,44.24,599.3,No
T50813,57,Month-to-month,Fiber optic,Yes,No,Electronic check,54.96,3155.69,No
T50814,4,Month-to-month,Fiber optic,No,No,Bank transfer,104.35,362.43,Yes
T50815,41,Month-to-month,None,Yes,No,Mailed check,44.71,1863.36,No
T50816,1,One year,Fiber optic,No,No,Bank transfer,81.26,74.55,No
T50817,35,Month-to-month,DSL,Yes,No,Mailed check,116.76,3978.21,Yes
T50818,68,One year,DSL,Yes,No,Bank transfer,58.72,3757.48,No
T50819,70,Two year,Fiber optic,No,Yes,Electronic check,93.26,6724.91,No
T50820,13,Month-to-month,Fiber optic,No,No,Electronic check,61.25,826.48,Yes
T50821,47,One year,Fiber optic,Yes,No,Credit card,105.52,4222.0,No
T50822,12,One year,DSL,Yes,No,Electronic check,38.46,454.25,No
T50823,1,One year,Fiber optic,No,No,Electronic check,109.23,105.14,No
T50824,19,Month-to-month,Fiber optic,Yes,No,Electronic check,88.79,1463.94,No
T50825,45,Month-to-month,None,Yes,No,Bank transfer,64.45,2924.45,No
T50826,46,Month-to-month,None,Yes,No,Credit card,72.58,2930.3,No
T50827,72,Two year,None,No,No,Electronic check,116.28,8544.9,No
T50828,9,Month-to-month,Fiber optic,Yes,No,Electronic check,43.83,352.21,Yes
T50829,20,Two year,None,Yes,No,Electronic check,56.27,1138.93,No
T50830,45,Month-to-month,DSL,No,No,Mailed check,44.35,1741.45,Yes
T50831,32,One year,Fiber optic,No,Yes,Electronic check,29.98,835.77,No
T50832,49,Month-to-month,DSL,No,No,Electronic check,42.04,1808.25,Yes
T50833,7,Month-to-month,DSL,No,Yes,Mailed check,32.73,196.02,No
T50834,49,Month-to-month,DSL,Yes,No,Mailed check,27.97,1248.38,No
T50835,72,Month-to-month,Fiber optic,No,No,Electronic check,98.53,6589.83,No
T50836,20,One year,Fiber optic,Yes,No,Bank transfer,81.86,1570.74,Yes
T50837,9,Month-to-month,DSL,Yes,No,Electronic check,33.72,286.2,No
T50838,34,Month-to-month,Fiber optic,Yes,Yes,Electronic check,57.55,2023.03,Yes
T50839,17,One year,Fiber optic,No,Yes,Credit card,55.25,853.22,No
T50840,26,Two year,None,Yes,No,Credit card,38.37,1025.35,No
T50841,70,Month-to-month,Fiber optic,Yes,No,Credit card,99.04,6355.7,No
T50842,29,One year,Fiber optic,Yes,No,Electronic check,33.28,828.59,No
T50843,66,Month-to-month,Fiber optic,No,No,Mailed check,43.23,2675.85,No
T50844,37,Two year,None,Yes,No,Electronic check,90.74,3492.06,No
T50845,56,Month-to-month,None,Yes,No,Electronic check,87.38,4276.61,Yes
T50846,72,Month-to-month,DSL,Yes,No,Electronic check,76.39,5388.95,Yes
T50847,5,Month-to-month,None,No,No,Credit card,74.22,372.56,Yes
T50848,61,Two year,DSL,Yes,No,Bank transfer,94.5,5280.49,Yes
T50849,37,Two year,DSL,No,No,Electronic check,21.44,789.17,Yes
T50850,57,Two year,DSL,Yes,Yes,Bank transfer,31.72,1660.87,No
T50851,37,One year,DSL,Yes,Yes,Electronic check,42.06,1341.23,No
T50852,42,Month-to-month,Fiber optic,No,No,Bank transfer,23.08,928.01,Yes
T50853,13,Two year,Fiber optic,No,Yes,Electronic check,34.87,392.42,Yes
T50854,41,Two year,Fiber optic,No,No,Bank transfer,111.78,4137.52,No
T50855,13,One year,Fiber optic,No,No,Electronic check,28.08,330.19,No
T50856,49,Month-to-month,Fiber optic,Yes,No,Credit card,70.78,3212.03,No
T50857,20,Month-to-month,None,No,No,Credit card,64.2,1253.0,No
T50858,17,One year,None,No,No,Electronic check,45.85,778.12,No
T50859,15,Month-to-month,Fiber optic,No,No,Bank transfer,118.6,1705.95,Yes
T50860,58,Month-to-month,DSL,No,No,Bank transfer,107.76,6222.19,No
T50861,50,Month-to-month,Fiber optic,Yes,No,Electronic check,40.4,1900.37,No
T50862,39,Month-to-month,Fiber optic,Yes,Yes,Electronic check,28.84,1049.79,Yes
T50863,26,Month-to-month,DSL,Yes,No,Mailed check,78.43,2023.09,Yes
T50864,45,Month-to-month,Fiber optic,No,No,Electronic check,46.62,1931.56,Yes
T50865,13,Month-to-month,DSL,Yes,No,Mailed check,42.81,517.06,Yes
T50866,70,Month-to-month,None,No,No,Bank transfer,67.28,4464.53,No
T50867,28,One year,Fiber optic,Yes,Yes,Credit card,113.16,2753.93,Yes
T50868,3,One year,Fiber optic,Yes,No,Credit card,32.63,86.0,Yes
T50869,44,One year,None,No,No,Bank transfer,32.51,1247.21,No
T50870,63,Month-to-month,None,Yes,No,Bank transfer,77.28,4204.63,No
T50871,52,Month-to-month,Fiber optic,No,No,Credit card,65.2,3182.92,No
T50872,67,Two year,None,No,No,Electronic check,110.04,6518.82,Yes
T50873,23,One year,DSL,Yes,No,Bank transfer,28.45,582.61,No
T50874,30,Month-to-month,DSL,No,No,Mailed check,79.71,2353.13,No
T50875,1,One year,DSL,Yes,Yes,Bank transfer,96.99,98.17,No
T50876,48,One year,Fiber optic,Yes,No,Mailed check,73.7,3591.93,No
T50877,2,Month-to-month,Fiber optic,Yes,No,Bank transfer,32.18,63.68,Yes
T50878,36,One year,DSL,Yes,Yes,Electronic check,82.87,2793.09,No
T50879,69,Month-to-month,Fiber optic,Yes,No,Electronic check,59.38,4155.62,No
T50880,72,Two year,DSL,Yes,No,Electronic check,68.18,4189.93,No
T50881,54,Two year,DSL,Yes,No,Bank transfer,78.06,4270.1,No
T50882,67,Month-to-month,None,Yes,No,Bank transfer,110.5,6875.77,No
T50883,22,Two year,DSL,Yes,No,Credit card,96.81,2125.61,No
T50884,23,One year,None,Yes,No,Electronic check,47.15,1126.99,Yes
T50885,29,Month-to-month,DSL,Yes,Yes,Credit card,108.58,3068.35,No
T50886,27,Two year,Fiber optic,Yes,Yes,Mailed check,77.98,1958.59,No
T50887,61,Month-to-month,Fiber optic,No,Yes,Electronic check,91.11,5176.07,Yes
T50888,45,Month-to-month,Fiber optic,Yes,No,Mailed check,22.55,1037.44,No
T50889,41,Month-to-month,Fiber optic,No,No,Bank transfer,84.3,3487.76,Yes
T50890,70,One year,Fiber optic,Yes,Yes,Electronic check,32.29,2044.78,Yes
T50891,47,Month-to-month,DSL,No,Yes,Mailed check,112.01,5275.97,No
T50892,49,One year,DSL,Yes,Yes,Mailed check,115.14,5683.06,No
T50893,24,One year,Fiber optic,No,No,Bank transfer,21.1,484.92,No
T50894,51,Month-to-month,Fiber optic,No,No,Electronic check,25.67,1203.14,Yes
T50895,27,Month-to-month,DSL,Yes,Yes,Credit card,119.37,3258.17,Yes
T50896,2,Month-to-month,Fiber optic,No,No,Credit card,68.7,143.93,No
T50897,44,Month-to-month,Fiber optic,Yes,No,Bank transfer,75.22,3383.45,Yes
T50898,3,Two year,DSL,No,Yes,Mailed check,113.22,307.56,No
T50899,68,Month-to-month,Fiber optic,Yes,No,Electronic check,91.09,6021.49,Yes
T50900,36,Month-to-month,Fiber optic,Yes,No,Credit card,32.3,1098.57,No
T50901,60,Month-to-month,None,Yes,No,Bank transfer,55.5,2980.28,No
T50902,68,Month-to-month,Fiber optic,Yes,No,Mailed check,89.71,5398.67,No
T50903,17,Month-to-month,Fiber optic,Yes,Yes,Electronic check,65.04,1003.32,No
T50904,36,Month-to-month,DSL,Yes,No,Electronic check,22.51,736.52,No
T50905,66,Month-to-month,Fiber optic,Yes,Yes,Credit card,87.44,5476.35,No
T50906,0,One year,DSL,No,Yes,Mailed check,44.76,44.0,No
T50907,67,Month-to-month,Fiber optic,No,Yes,Electronic check,72.96,4878.32,Yes
T50908,45,Month-to-month,Fiber optic,No,Yes,Bank transfer,100.35,3864.42,Yes
T50909,70,One year,Fiber optic,No,No,Electronic check,63.31,4117.98,No
T50910,22,Two year,Fiber optic,No,Yes,Bank transfer,92.84,2048.09,No
T50911,44,Month-to-month,None,No,No,Mailed check,23.01,1058.41,No
T50912,72,Month-to-month,DSL,Yes,Yes,Credit card,60.94,4223.43,No
T50913,0,One year,None,Yes,No,Electronic check,27.68,28.26,No
T50914,44,Month-to-month,DSL,No,No,Bank transfer,27.13,1249.64,No
T50915,31,Month-to-month,DSL,Yes,No,Credit card,92.8,3020.2,No
T50916,44,Month-to-month,Fiber optic,No,No,Mailed check,44.56,1953.86,No
T50917,8,Month-to-month,Fiber optic,No,Yes,Bank transfer,45.35,332.23,Yes
T50918,37,Month-to-month,Fiber optic,No,No,Electronic check,90.07,3176.28,Yes
T50919,11,Month-to-month,Fiber optic,Yes,Yes,Electronic check,108.57,1020.16,No
T50920,58,One year,DSL,Yes,Yes,Electronic check,111.39,5547.52,No
T50921,72,One year,DSL,Yes,Yes,Credit card,72.16,4487.88,No
T50922,19,One year,Fiber optic,No,Yes,Credit card,104.64,1897.19,No
T50923,7,Month-to-month,Fiber optic,No,Yes,Mailed check,26.42,168.27,Yes
T50924,8,Two year,DSL,Yes,Yes,Mailed check,71.95,511.81,No
T50925,53,Month-to-month,None,No,No,Electronic check,77.43,3757.58,Yes
T50926,23,One year,Fiber optic,Yes,Yes,Electronic check,54.91,1191.59,No
T50927,7,One year,None,Yes,No,Mailed check,56.13,381.16,No
T50928,14,Two year,Fiber optic,No,No,Bank transfer,108.44,1506.56,Yes
T50929,31,One year,DSL,Yes,No,Credit card,100.66,2698.06,No
T50930,17,One year,DSL,Yes,No,Electronic check,57.05,844.33,No
T50931,17,Month-to-month,Fiber optic,Yes,No,Electronic check,43.25,677.35,No
T50932,17,Month-to-month,DSL,Yes,Yes,Electronic check,28.51,428.2,No
T50933,23,Month-to-month,Fiber optic,Yes,Yes,Mailed check,30.84,693.26,Yes
T50934,67,Two year,Fiber optic,No,Yes,Electronic check,90.55,5706.9,No
T50935,10,One year,Fiber optic,Yes,No,Bank transfer,26.82,229.99,No
T50936,30,One year,None,No,No,Electronic check,24.2,694.41,No
T50937,46,One year,None,No,No,Bank transfer,76.31,3390.94,No
T50938,68,Two year,DSL,No,No,Mailed check,41.1,2529.89,No
T50939,21,Month-to-month,DSL,Yes,No,Bank transfer,60.58,1331.46,No
T50940,11,Two year,None,No,No,Mailed check,102.17,1028.1,No
T50941,71,Month-to-month,DSL,No,Yes,Mailed check,56.42,3715.54,No
T50942,15,Two year,Fiber optic,No,No,Mailed check,65.05,877.15,No
T50943,43,One year,Fiber optic,Yes,No,Credit card,112.67,4810.08,No
T50944,68,Month-to-month,DSL,Yes,No,Credit card,107.11,6636.8,No
T50945,17,Month-to-month,None,No,No,Credit card,72.17,1204.35,No
T50946,22,One year,DSL,Yes,Yes,Electronic check,69.18,1518.48,No
T50947,34,Month-to-month,None,Yes,No,Electronic check,82.38,2675.92,Yes
T50948,23,One year,Fiber optic,Yes,No,Electronic check,37.25,807.6,Yes
T50949,69,Month-to-month,Fiber optic,No,No,Credit card,65.72,4282.93,Yes
T50950,8,Month-to-month,DSL,Yes,No,Electronic check,23.15,185.28,Yes
T50951,51,Two year,DSL,Yes,No,Credit card,112.66,4903.39,No
T50952,65,Month-to-month,Fiber optic,Yes,No,Mailed check,99.2,5631.02,No
T50953,7,Two year,Fiber optic,Yes,No,Bank transfer,38.87,241.47,No
T50954,25,Two year,Fiber optic,Yes,Yes,Electronic check,80.75,1877.55,No
T50955,56,Two year,DSL,Yes,No,Electronic check,60.19,2902.66,Yes
T50956,58,One year,DSL,No,Yes,Bank transfer,85.34,5020.46,No
T50957,23,Two year,DSL,Yes,Yes,Credit card,35.74,718.34,No
T50958,40,Month-to-month,DSL,Yes,Yes,Mailed check,23.62,909.91,No
T50959,60,Month-to-month,None,Yes,No,Credit card,116.35,6269.29,No
T50960,0,Two year,Fiber optic,No,Yes,Credit card,43.56,42.64,No
T50961,66,One year,Fiber optic,No,No,Bank transfer,34.18,1946.92,Yes
T50962,26,Month-to-month,Fiber optic,Yes,Yes,Electronic check,109.13,2468.1,No
T50963,64,Two year,Fiber optic,Yes,Yes,Electronic check,97.03,5646.72,No
T50964,57,Month-to-month,Fiber optic,Yes,No,Electronic check,66.26,3294.82,No
T50965,69,Month-to-month,DSL,No,No,Mailed check,34.88,2524.33,No
T50966,48,Month-to-month,DSL,No,Yes,Bank transfer,26.71,1165.88,No
T50967,20,Month-to-month,Fiber optic,No,No,Bank transfer,57.27,1100.73,No
T50968,28,One year,DSL,Yes,No,Bank transfer,77.45,1898.89,No
T50969,1,Month-to-month,None,Yes,No,Bank transfer,54.08,49.85,No
T50970,54,One year,DSL,No,No,Bank transfer,32.86,1811.82,No
T50971,7,Month-to-month,Fiber optic,Yes,No,Bank transfer,33.93,246.92,No
T50972,27,Month-to-month,Fiber optic,No,No,Credit card,26.22,640.17,No
T50973,67,Month-to-month,Fiber optic,Yes,Yes,Electronic check,28.26,1683.6,Yes
T50974,9,Two year,DSL,Yes,No,Bank transfer,46.7,431.14,No
T50975,72,One year,Fiber optic,No,No,Credit card,31.25,2227.87,No
T50976,54,Month-to-month,DSL,No,No,Bank transfer,118.25,5550.09,No
T50977,63,Month-to-month,DSL,No,No,Bank transfer,66.19,4117.6,Yes
T50978,46,Month-to-month,Fiber optic,No,No,Mailed check,96.41,4583.62,No
T50979,19,Two year,DSL,No,No,Mailed check,106.42,1782.06,Yes
T50980,39,Month-to-month,None,Yes,No,Bank transfer,43.08,1593.05,No
T50981,6,Month-to-month,DSL,Yes,No,Bank transfer,29.01,160.41,No
T50982,17,Two year,Fiber optic,No,No,Credit card,29.63,485.01,No
T50983,5,Two year,Fiber optic,Yes,No,Bank transfer,22.98,101.57,No
T50984,53,Month-to-month,DSL,No,No,Mailed check,119.29,6457.14,No
T50985,52,Two year,Fiber optic,Yes,Yes,Mailed check,38.67,1717.87,No
T50986,54,Month-to-month,DSL,No,Yes,Bank transfer,76.93,4344.48,Yes
T50987,55,One year,Fiber optic,No,Yes,Electronic check,20.5,1121.09,No
T50988,17,Month-to-month,Fiber optic,Yes,Yes,Electronic check,104.97,1729.3,No
T50989,14,Two year,DSL,Yes,No,Mailed check,119.51,1651.03,No
T50990,35,One year,DSL,No,No,Electronic check,40.99,1319.99,No
T50991,39,Month-to-month,None,Yes,No,Electronic check,28.81,1123.88,No
T50992,2,Month-to-month,None,Yes,No,Electronic check,50.1,104.44,No
T50993,69,Month-to-month,DSL,Yes,Yes,Credit card,88.13,5663.58,No
T50994,46,Month-to-month,DSL,Yes,No,Electronic check,28.1,1186.98,No
T50995,23,One year,None,No,No,Electronic check,34.85,722.81,No
T50996,25,Two year,DSL,Yes,Yes,Mailed check,56.43,1479.06,No
T50997,60,Month-to-month,None,Yes,No,Credit card,61.67,3565.78,No
T50998,3,Two year,Fiber optic,Yes,No,Electronic check,47.25,128.61,No
T50999,63,One year,Fiber optic,Yes,No,Electronic check,32.97,2111.54,No
T51000,60,Month-to-month,Fiber optic,No,Yes,Credit card,52.4,2974.08,Yes
T51001,48,Month-to-month,DSL,No,No,Electronic check,65.11,2822.16,No
T51002,3,Month-to-month,Fiber optic,No,No,Credit card,79.84,213.28,Yes
T51003,23,Two year,None,No,No,Bank transfer,111.44,2360.81,No
T51004,18,Month-to-month,None,No,No,Bank transfer,98.15,1812.97,Yes
T51005,11,One year,Fiber optic,Yes,No,Electronic check,112.24,1230.72,No
T51006,35,Month-to-month,DSL,Yes,Yes,Electronic check,28.13,894.77,Yes
T51007,22,One year,Fiber optic,No,No,Credit card,38.94,773.55,No
T51008,53,Two year,None,Yes,No,Credit card,43.32,2223.69,Yes
T51009,35,Month-to-month,Fiber optic,Yes,No,Electronic check,70.65,2258.3,Yes
T51010,41,Month-to-month,DSL,Yes,Yes,Mailed check,68.38,2458.5,Yes
T51011,38,Two year,DSL,Yes,No,Electronic check,45.69,1555.52,No
T51012,40,Month-to-month,DSL,Yes,Yes,Electronic check,117.86,4426.92,No
T51013,54,Month-to-month,DSL,Yes,No,Mailed check,68.91,3178.04,Yes
T51014,65,Month-to-month,DSL,No,No,Credit card,66.55,3925.06,No
T51015,15,Two year,Fiber optic,Yes,No,Electronic check,95.15,1327.86,No
T51016,7,Two year,DSL,Yes,Yes,Credit card,69.19,506.98,No
T51017,62,Month-to-month,Fiber optic,Yes,Yes,Mailed check,73.82,4382.42,Yes
T51018,19,Month-to-month,DSL,No,No,Mailed check,117.67,2310.83,Yes
T51019,36,Month-to-month,Fiber optic,Yes,Yes,Credit card,75.83,2511.29,No
T51020,58,Month-to-month,DSL,Yes,No,Bank transfer,67.37,3720.03,No
T51021,27,Month-to-month,DSL,No,No,Mailed check,52.93,1388.43,Yes
T51022,27,One year,Fiber optic,Yes,Yes,Credit card,37.34,879.74,No
T51023,48,One year,Fiber optic,Yes,No,Electronic check,47.79,2128.27,No
T51024,56,One year,None,Yes,No,Bank transfer,116.06,5886.71,No
T51025,45,One year,None,Yes,No,Credit card,34.86,1585.49,No
T51026,52,Month-to-month,DSL,Yes,Yes,Electronic check,82.91,4085.37,No
T51027,9,Two year,Fiber optic,Yes,No,Credit card,57.63,456.41,Yes
T51028,39,One year,None,Yes,No,Mailed check,39.42,1470.2,No
T51029,27,Two year,Fiber optic,No,No,Bank transfer,116.42,2826.21,Yes
T51030,57,Month-to-month,None,Yes,No,Credit card,66.41,3740.88,No
T51031,14,Month-to-month,Fiber optic,No,Yes,Electronic check,107.44,1299.53,Yes
T51032,30,Two year,Fiber optic,Yes,No,Bank transfer,31.91,901.88,No
T51033,35,One year,Fiber optic,Yes,No,Electronic check,100.99,3152.61,Yes
T51034,48,Month-to-month,None,Yes,No,Mailed check,72.12,3349.12,No
T51035,72,Month-to-month,None,Yes,No,Bank transfer,35.82,2636.88,No
T51036,25,Month-to-month,DSL,Yes,Yes,Mailed check,63.28,1524.69,Yes
T51037,50,Two year,DSL,No,No,Electronic check,79.5,4162.26,No
T51038,15,Month-to-month,DSL,Yes,Yes,Electronic check,111.81,1644.8,No
T51039,62,Month-to-month,DSL,No,No,Mailed check,37.89,2166.73,Yes
T51040,39,Month-to-month,None,No,No,Credit card,107.42,4054.98,Yes
T51041,26,Month-to-month,None,No,No,Mailed check,57.75,1328.11,Yes
T51042,35,Month-to-month,None,Yes,No,Credit card,72.87,2392.77,Yes
T51043,4,Month-to-month,Fiber optic,Yes,Yes,Electronic check,46.67,185.37,No
T51044,5,Month-to-month,Fiber optic,Yes,No,Mailed check,91.69,397.29,No
T51045,52,Month-to-month,DSL,No,No,Bank transfer,20.91,964.16,No
T51046,52,Month-to-month,DSL,Yes,No,Electronic check,73.01,3665.54,Yes
T51047,72,Month-to-month,DSL,No,No,Credit card,101.22,6197.83,No
T51048,6,Month-to-month,Fiber optic,No,No,Bank transfer,50.46,311.47,Yes
T51049,1,Two year,DSL,Yes,No,Bank transfer,32.01,27.46,No
T51050,25,Month-to-month,None,No,No,Bank transfer,41.01,1056.3,Yes
T51051,10,Two year,None,Yes,No,Electronic check,82.88,774.57,No
T51052,69,One year,Fiber optic,Yes,Yes,Bank transfer,27.13,1853.23,No
T51053,1,One year,Fiber optic,No,No,Bank transfer,26.36,26.14,Yes
T51054,64,Month-to-month,Fiber optic,Yes,Yes,Bank transfer,75.03,4785.96,No
T51055,22,Two year,DSL,Yes,Yes,Bank transfer,29.62,614.72,No
T51056,35,Two year,None,Yes,No,Electronic check,88.4,3161.93,Yes
T51057,66,Month-to-month,DSL,Yes,No,Bank transfer,67.87,4447.34,No
T51058,52,Month-to-month,None,Yes,No,Credit card,98.89,5115.11,No
T51059,38,Month-to-month,Fiber optic,Yes,No,Bank transfer,41.47,1388.27,No
T51060,59,Two year,Fiber optic,Yes,No,Credit card,93.28,5159.43,No
T51061,37,Two year,DSL,No,No,Bank transfer,35.65,1127.76,No
T51062,19,Month-to-month,DSL,Yes,No,Bank transfer,36.74,677.67,No
T51063,2,Two year,DSL,Yes,Yes,Electronic check,81.05,159.5,No
T51064,34,Two year,Fiber optic,Yes,No,Bank transfer,84.65,2693.37,No
T51065,62,One year,Fiber optic,No,No,Electronic check,69.99,4164.07,Yes
T51066,33,One year,None,No,No,Mailed check,61.0,2056.64,No
T51067,2,Month-to-month,DSL,Yes,No,Electronic check,88.89,157.2,Yes
T51068,3,One year,Fiber optic,Yes,Yes,Mailed check,112.92,346.64,No
T51069,37,One year,DSL,Yes,No,Bank transfer,115.27,4078.08,No
T51070,70,One year,None,No,No,Electronic check,82.81,5224.51,No
T51071,26,Month-to-month,Fiber optic,Yes,No,Electronic check,116.53,2936.84,No
T51072,42,Month-to-month,Fiber optic,No,No,Electronic check,108.32,4038.84,Yes
T51073,60,One year,Fiber optic,Yes,Yes,Electronic check,60.03,3114.79,No
T51074,53,Two year,None,No,No,Electronic check,71.13,3894.85,Yes
T51075,38,Month-to-month,Fiber optic,No,No,Bank transfer,83.99,3256.43,Yes
T51076,16,One year,None,No,No,Mailed check,31.18,516.28,No
T51077,9,Month-to-month,DSL,No,Yes,Electronic check,99.96,808.58,No
T51078,7,Month-to-month,Fiber optic,No,Yes,Electronic check,63.36,429.07,Yes
T51079,37,Two year,DSL,Yes,No,Credit card,47.99,1639.64,No
T51080,69,Two year,DSL,Yes,Yes,Bank transfer,59.25,3937.52,Yes
T51081,39,Month-to-month,None,No,No,Electronic check,51.6,1886.2,Yes
T51082,6,Two year,Fiber optic,No,No,Credit card,94.19,484.26,Yes
T51083,2,Month-to-month,Fiber optic,No,Yes,Bank transfer,45.99,78.81,Yes
T51084,32,Month-to-month,DSL,No,No,Electronic check,27.03,903.15,Yes
T51085,65,Two year,Fiber optic,Yes,No,Mailed check,78.16,4416.67,No
T51086,19,One year,DSL,Yes,No,Credit card,33.85,589.6,No
T51087,54,Month-to-month,Fiber optic,No,No,Mailed check,75.24,4175.06,No
T51088,16,One year,None,Yes,No,Mailed check,88.67,1320.51,No
T51089,8,One year,Fiber optic,No,Yes,Credit card,28.59,228.5,No
T51090,11,Month-to-month,None,Yes,No,Electronic check,72.06,758.17,No
T51091,5,Month-to-month,DSL,No,No,Credit card,47.02,226.6,No
T51092,26,Month-to-month,Fiber optic,No,Yes,Bank transfer,57.03,1274.05,No
T51093,17,Two year,Fiber optic,Yes,Yes,Credit card,57.39,879.29,No
T51094,14,One year,DSL,No,Yes,Electronic check,62.9,785.19,No
T51095,37,One year,None,No,No,Electronic check,27.81,1004.08,No
T51096,66,Two year,Fiber optic,Yes,No,Bank transfer,113.39,7422.98,Yes
T51097,65,Month-to-month,Fiber optic,No,No,Bank transfer,22.23,1270.69,Yes
T51098,44,One year,Fiber optic,Yes,No,Bank transfer,29.57,1260.76,No
T51099,57,Month-to-month,Fiber optic,Yes,No,Credit card,26.07,1533.29,Yes
T51100,19,Month-to-month,DSL,No,No,Electronic check,112.47,2128.37,No
T51101,6,One year,None,No,No,Credit card,48.46,256.97,No
T51102,49,Month-to-month,Fiber optic,No,No,Credit card,55.47,2462.87,Yes
T51103,49,Month-to-month,None,Yes,No,Electronic check,97.08,4631.4,No
T51104,71,Month-to-month,Fiber optic,No,Yes,Electronic check,20.59,1387.33,No
T51105,12,Two year,Fiber optic,Yes,No,Credit card,21.46,242.92,No
T51106,48,Two year,DSL,Yes,No,Bank transfer,51.93,2387.82,No
T51107,23,Month-to-month,DSL,No,No,Bank transfer,62.66,1271.77,No
T51108,25,Month-to-month,DSL,No,No,Bank transfer,77.61,1891.82,No
T51109,6,One year,Fiber optic,Yes,No,Mailed check,57.65,323.45,No
T51110,19,Month-to-month,Fiber optic,No,No,Electronic check,85.67,1676.93,No
T51111,54,Month-to-month,Fiber optic,Yes,No,Electronic check,114.74,5773.05,No
T51112,53,Month-to-month,DSL,Yes,No,Bank transfer,90.08,5010.67,Yes
T51113,48,Month-to-month,Fiber optic,Yes,No,Mailed check,66.95,2929.13,No
T51114,55,Month-to-month,Fiber optic,Yes,Yes,Electronic check,49.3,2561.34,Yes
T51115,6,Month-to-month,DSL,No,No,Electronic check,64.06,375.02,Yes
T51116,9,Two year,Fiber optic,Yes,No,Mailed check,49.17,382.99,No
T51117,62,Two year,Fiber optic,No,No,Mailed check,111.85,7237.79,No
T51118,66,One year,Fiber optic,No,No,Electronic check,119.8,6834.11,Yes
T51119,33,Month-to-month,DSL,Yes,No,Mailed check,116.98,3959.14,No
T51120,27,Month-to-month,DSL,No,No,Credit card,118.47,2862.15,No
T51121,7,Month-to-month,None,Yes,No,Mailed check,35.99,250.82,No
T51122,57,Month-to-month,Fiber optic,Yes,No,Bank transfer,104.83,5110.26,Yes
T51123,59,Two year,Fiber optic,Yes,Yes,Electronic check,92.02,5136.31,No
T51124,2,Month-to-month,Fiber optic,No,Yes,Electronic check,34.16,67.8,No
T51125,59,One year,DSL,No,No,Electronic check,108.57,5949.52,No
T51126,32,Month-to-month,Fiber optic,Yes,Yes,Credit card,113.78,3683.9,Yes
T51127,12,Month-to-month,DSL,Yes,No,Electronic check,47.14,497.88,No
T51128,43,One year,DSL,No,Yes,Mailed check,44.29,1791.86,No
T51129,58,Month-to-month,None,No,No,Mailed check,111.63,6491.15,No
T51130,53,Month-to-month,DSL,No,No,Credit card,96.58,5275.48,No
T51131,67,Month-to-month,DSL,Yes,No,Electronic check,80.35,4967.17,No
T51132,25,Month-to-month,DSL,No,No,Mailed check,60.96,1302.63,No
T51133,47,Month-to-month,DSL,No,No,Electronic check,84.95,4126.2,Yes
T51134,70,One year,None,Yes,No,Credit card,115.93,8087.62,No
T51135,16,One year,DSL,Yes,Yes,Mailed check,94.51,1553.14,No
T51136,44,One year,Fiber optic,Yes,No,Electronic check,27.48,1111.92,No
T51137,41,One year,Fiber optic,No,No,Electronic check,20.56,719.75,No
T51138,69,One year,Fiber optic,No,No,Bank transfer,99.01,5977.95,Yes
T51139,3,Month-to-month,Fiber optic,No,No,Electronic check,40.27,125.85,No
T51140,40,Month-to-month,None,No,No,Electronic check,56.32,2334.76,No
T51141,56,Two year,None,Yes,No,Mailed check,109.57,5351.95,Yes
T51142,45,Two year,Fiber optic,Yes,Yes,Credit card,40.92,1618.22,No
T51143,14,Month-to-month,Fiber optic,Yes,Yes,Credit card,74.56,1020.37,No
T51144,58,Month-to-month,DSL,Yes,No,Credit card,100.23,4954.62,No
T51145,61,One year,None,No,No,Electronic check,93.92,4985.91,Yes
T51146,27,Month-to-month,Fiber optic,Yes,No,Bank transfer,32.42,835.33,Yes
T51147,11,Month-to-month,DSL,Yes,No,Electronic check,96.46,950.9,No
T51148,26,Month-to-month,None,Yes,No,Credit card,42.9,1106.52,Yes
T51149,51,Month-to-month,DSL,Yes,No,Mailed check,83.05,3681.39,No
T51150,5,One year,DSL,No,Yes,Mailed check,100.58,496.59,No
T51151,19,One year,Fiber optic,No,No,Electronic check,61.24,1125.7,No
T51152,26,Month-to-month,None,No,No,Electronic check,25.91,665.06,No
T51153,1,Month-to-month,DSL,Yes,No,Electronic check,99.13,89.19,No
T51154,22,Two year,DSL,No,No,Credit card,54.68,1230.31,No
T51155,27,Two year,None,Yes,No,Mailed check,118.62,3073.64,No
T51156,13,Month-to-month,Fiber optic,Yes,No,Mailed check,83.5,944.71,No
T51157,30,One year,None,No,No,Electronic check,104.42,2712.33,Yes
T51158,0,Two year,DSL,Yes,No,Electronic check,98.06,94.81,No
T51159,71,Month-to-month,None,No,No,Mailed check,89.72,6092.21,No
T51160,33,Month-to-month,DSL,Yes,No,Electronic check,73.17,2525.61,Yes
T51161,16,Month-to-month,Fiber optic,Yes,No,Electronic check,115.83,1576.82,No
T51162,36,Month-to-month,DSL,No,Yes,Bank transfer,93.68,3149.36,Yes
T51163,50,One year,None,No,No,Bank transfer,78.99,3361.97,No
T51164,67,Two year,Fiber optic,No,Yes,Electronic check,35.71,2343.1,No
T51165,45,One year,DSL,Yes,Yes,Electronic check,65.08,2621.77,No
T51166,7,Month-to-month,None,Yes,No,Electronic check,99.19,631.27,Yes
T51167,31,Month-to-month,None,Yes,No,Bank transfer,112.08,3562.6,Yes
T51168,55,One year,Fiber optic,Yes,No,Mailed check,67.72,3618.81,No
T51169,22,Month-to-month,Fiber optic,Yes,No,Electronic check,84.61,1798.58,Yes
T51170,44,One year,None,Yes,No,Bank transfer,61.01,2643.6,No
T51171,54,Month-to-month,Fiber optic,Yes,Yes,Bank transfer,91.32,4943.62,Yes
T51172,47,One year,Fiber optic,Yes,No,Bank transfer,65.68,3143.05,Yes
T51173,23,Month-to-month,DSL,Yes,No,Mailed check,61.87,1344.66,Yes
T51174,29,Month-to-month,Fiber optic,No,No,Electronic check,63.43,1766.67,No
T51175,53,Month-to-month,None,Yes,No,Credit card,79.9,4022.12,Yes
T51176,14,Two year,DSL,Yes,Yes,Electronic check,92.96,1160.3,No
T51177,21,Month-to-month,Fiber optic,Yes,No,Electronic check,79.06,1688.77,No
T51178,52,Month-to-month,Fiber optic,No,No,Bank transfer,30.85,1493.28,No
T51179,41,Two year,Fiber optic,No,Yes,Electronic check,50.06,2101.79,No
T51180,7,One year,None,Yes,No,Credit card,30.97,191.67,No
T51181,12,One year,DSL,No,No,Bank transfer,75.15,837.51,Yes
T51182,70,One year,DSL,Yes,No,Bank transfer,102.68,6700.54,No
T51183,29,Month-to-month,DSL,Yes,No,Mailed check,113.59,2878.6,Yes
T51184,4,One year,DSL,No,No,Bank transfer,48.78,169.89,No
T51185,46,One year,DSL,Yes,No,Electronic check,115.73,5542.09,Yes
T51186,62,Month-to-month,Fiber optic,Yes,No,Bank transfer,67.02,3685.08,Yes
T51187,3,Month-to-month,None,Yes,No,Credit card,51.09,152.57,Yes
T51188,30,Month-to-month,Fiber optic,No,Yes,Electronic check,72.86,2145.4,Yes
T51189,8,One year,Fiber optic,Yes,Yes,Bank transfer,115.33,919.3,No
T51190,6,One year,Fiber optic,No,Yes,Credit card,45.83,267.16,No
T51191,26,Two year,None,Yes,No,Mailed check,71.85,1694.41,No
T51192,61,Month-to-month,None,No,No,Electronic check,85.99,5254.51,No
T51193,22,One year,DSL,No,No,Electronic check,48.51,929.08,No
T51194,24,Month-to-month,Fiber optic,Yes,No,Bank transfer,91.23,1998.88,No
T51195,22,Month-to-month,DSL,No,Yes,Electronic check,62.04,1411.75,No
T51196,46,One year,DSL,No,No,Credit card,76.98,3439.26,No
T51197,18,Month-to-month,DSL,No,Yes,Electronic check,39.63,681.02,No
T51198,69,Month-to-month,Fiber optic,Yes,No,Electronic check,104.07,7539.13,No
T51199,51,Month-to-month,Fiber optic,Yes,No,Credit card,22.96,1111.11,No
